binance_symbol,base_asset,multiplier,futures_price_usd,unit_price_from_futures_usd,perp_onboard_days,has_spot_usdt,spot_symbol,spot_price_usd,coingecko_id,coingecko_symbol,coingecko_name,coingecko_price_usd,price_diff_pct,market_cap_usd,fdv_usd,chain,contract,match_status,filter_reason
BTCUSDT,BTC,1,104223.8,104223.8,2233,true,BTCUSDT,104274.38,bitcoin,btc,Bitcoin,104210,0.00013242491123695337,2075082079022,2075082079022,,,matched,
XRPUSDT,XRP,1,2.2898,2.2898,2233,true,XRPUSDT,2.2917,ripple,xrp,XRP,2.29,0.0000873362445414751,137257368420,228321805214,,,matched,
ETHUSDT,ETH,1,3458.68,3458.68,2233,true,ETHUSDT,3460.32,ethereum,eth,Ethereum,3454.78,0.0011288707240402099,415969704023,415969704023,,,matched,
LINKUSDT,LINK,1,15.356,15.356,2233,true,LINKUSDT,15.37,chainlink,link,Chainlink,15.31,0.0030045721750489468,10647699908,15279759431,ethereum,0x514910771af9ca656af840dff83e8264ecf986ca,matched,
BCHUSDT,BCH,1,492.52,492.52,2233,true,BCHUSDT,492.9,bitcoin-cash,bch,Bitcoin Cash,492.45,0.00014214641080311337,9802438623,9802447837,,,matched,
ETCUSDT,ETC,1,14.716,14.716,2233,true,ETCUSDT,14.73,ethereum-classic,etc,Ethereum Classic,14.69,0.0017699115044247653,2265907207,2265907207,,,matched,
TRXUSDT,TRX,1,0.28867,0.28867,2233,true,TRXUSDT,0.2888,tron,trx,TRON,0.288562,0.0003742696543550329,27308349755,27308348485,,,matched,
ADAUSDT,ADA,1,0.5476,0.5476,2233,true,ADAUSDT,0.5481,cardano,ada,Cardano,0.54614,0.00267330721060537,19975174369,24567521216,,,matched,
XLMUSDT,XLM,1,0.2806,0.2806,2233,true,XLMUSDT,0.2807,stellar,xlm,Stellar,0.280441,0.0005669641742827199,8998487595,14022644240,,,matched,
DASHUSDT,DASH,1,110.67,110.67,2233,true,DASHUSDT,110.69,dash,dash,Dash,109.72,0.008658403208166267,1364950277,1364995313,,,matched,
ATOMUSDT,ATOM,1,2.663,2.663,2233,true,ATOMUSDT,2.665,cosmos,atom,Cosmos Hub,2.66,0.0011278195488720563,1265818621,1265818621,binance-smart-chain,0x0eb3a705fc54725037cc9e008bdede697f62f335,matched,
ZECUSDT,ZEC,1,484.16,484.16,2233,true,ZECUSDT,485.31,zcash,zec,Zcash,486.79,0.005402740401405114,7969574575,7969592069,near-protocol,zec.omft.near,matched,
BNBUSDT,BNB,1,966.5,966.5,2233,true,BNBUSDT,967.32,binancecoin,bnb,BNB,965.74,0.0007869612939300338,132579176298,132579176298,ethereum,0xb8c77482e45f1f44de1745f52c74426c631bdd52,matched,
XMRUSDT,XMR,1,357.1,357.1,2233,false,,,monero,xmr,Monero,354.28,0.00795980580331955,6545023523,6545023523,,,matched,
BATUSDT,BAT,1,0.1974,0.1974,2233,true,BATUSDT,0.1976,basic-attention-token,bat,Basic Attention,0.19787,0.0023752969121140052,295894630,296742928,ethereum,0x0d8775f648430679a709e98d2b0cb6250d2887ef,matched,
IOTAUSDT,IOTA,1,0.1313,0.1313,2233,true,IOTAUSDT,0.1314,iota,iota,IOTA,0.13122,0.0006096631611034655,540548659,621648319,,,matched,
VETUSDT,VET,1,0.015077,0.015077,2233,true,VETUSDT,0.0151,vechain,vet,VeChain,0.01506743,0.0006351448123535608,1294813029,1294813029,,,matched,
QTUMUSDT,QTUM,1,1.766,1.766,2233,true,QTUMUSDT,1.768,qtum,qtum,Qtum,1.77,0.0022598870056497193,186590198,190014762,,,matched,
ALGOUSDT,ALGO,1,0.1623,0.1623,2233,true,ALGOUSDT,0.1625,algorand,algo,Algorand,0.162014,0.0017652795437431857,1420322628,1420323348,,,matched,
LTCUSDT,LTC,1,88.71,88.71,2233,true,LTCUSDT,88.78,litecoin,ltc,Litecoin,88.56,0.0016937669376692803,6759069135,6759076315,,,matched,
NEOUSDT,NEO,1,5.007,5.007,2233,true,NEOUSDT,5.009,neo,neo,NEO,5,0.0013999999999999347,352768538,500168067,,,matched,
ONTUSDT,ONT,1,0.0825,0.0825,2233,true,ONTUSDT,0.0825,ontology,ont,Ontology,0.082497,0.000036364958725808214,75633888,82312338,,,matched,
THETAUSDT,THETA,1,0.4292,0.4292,2233,true,THETAUSDT,0.43,theta-token,theta,Theta Network,0.429037,0.00037992061290756797,427976939,427976939,,,matched,
XTZUSDT,XTZ,1,0.537,0.537,2233,true,XTZUSDT,0.5389,tezos,xtz,Tezos,0.538052,0.0019552013560026576,572193088,582980197,,,matched,
IOSTUSDT,IOST,1,0.002011,0.002011,2233,true,IOSTUSDT,0.002008,iostoken,iost,IOST,0.00201046,0.00026859524685905837,57940487,57940487,binance-smart-chain,0xaf48b7e315a52518cfbf7d96c455d9dfad94cb48,matched,
ZILUSDT,ZIL,1,0.00701,0.00701,2233,true,ZILUSDT,0.00702,zilliqa,zil,Zilliqa,0.00700589,0.0005866492337161842,136991649,141758769,binance-smart-chain,0xb86abcb37c3a4b64f74f59301aff131a1becc787,matched,
KNCUSDT,KNC,1,0.2811,0.2811,2233,true,KNCUSDT,0.2811,kyber-network-crystal,knc,Kyber Network Crystal,0.280929,0.0006086947235779583,47777112,67546555,ethereum,0xdefa4e8a7bcba345f687a2f1456f5edd9ce97202,matched,
ZRXUSDT,ZRX,1,0.1888,0.1888,2233,true,ZRXUSDT,0.1891,0x,zrx,0x Protocol,0.188662,0.0007314668560706408,159778239,188329663,ethereum,0xe41d2489571d322189246dafa5ebde1f4699f498,matched,
DOGEUSDT,DOGE,1,0.16824,0.16824,2233,true,DOGEUSDT,0.16837,dogecoin,doge,Dogecoin,0.167947,0.0017445979981779234,25461058044,25466048820,,,matched,
BANDUSDT,BAND,1,0.4643,0.4643,2233,true,BANDUSDT,0.465,band-protocol,band,Band,0.46383,0.0010133022874759512,77055339,77418076,ethereum,0xba11d00c5f74255f56a5e366f4f77f5a186d7f55,matched,
SXPUSDT,SXP,1,0.1043,0.1043,2233,true,SXPUSDT,0.1045,swipe,sxp,Solar,0.104264,0.00034527737282291345,68689171,68903269,ethereum,0x8ce9137d39326ad0cd6491fb5cc0cba0e089b6a9,matched,
SNXUSDT,SNX,1,0.873,0.873,2233,true,SNXUSDT,0.874,havven,snx,Synthetix,0.872388,0.0007015227169561547,298665614,299033990,ethereum,0xc011a73ee8576fb46f5e1c5751ca3b9fe0af2a6f,matched,
DOTUSDT,DOT,1,2.649,2.649,2233,true,DOTUSDT,2.651,polkadot,dot,Polkadot,2.65,0.0003773584905659962,4310166042,4310166042,ethereum,0x196c20da81fbc324ecdf55501e95ce9f0bd84d14,matched,
RLCUSDT,RLC,1,0.7818,0.7818,2233,true,RLCUSDT,0.782,iexec-rlc,rlc,iExec RLC,0.781087,0.0009128304529457983,56438805,67836295,ethereum,0x607f4c5bb672230e8672085532f7e901544a7375,matched,
TRBUSDT,TRB,1,22.756,22.756,2233,true,TRBUSDT,22.78,tellor,trb,Tellor Tributes,22.7,0.0024669603524229487,61694193,63398419,ethereum,0x88df592f8eb5d7bd38bfef7deb0fbc02cf3778a0,matched,
CRVUSDT,CRV,1,0.439,0.439,2233,true,CRVUSDT,0.4405,curve-dao-token,crv,Curve DAO,0.439115,0.00026189039317713183,622485238,1016100061,ethereum,0xd533a949740bb3306d119cc777fa900ba034cd52,matched,
COMPUSDT,COMP,1,32.04,32.04,2233,true,COMPUSDT,32.08,compound-governance-token,comp,Compound,32,0.0012499999999999734,307883091,319395708,ethereum,0xc00e94cb662c3520282e6f5717214004a7f26888,matched,
SOLUSDT,SOL,1,163.64,163.64,2233,true,SOLUSDT,163.77,solana,sol,Solana,163.27,0.002266184847185497,90027391485,99908226260,,,matched,
EGLDUSDT,EGLD,1,8.588,8.588,2233,true,EGLDUSDT,8.61,elrond-erd-2,egld,MultiversX,8.59,0.00023282887078005448,246634121,246634121,,,matched,
KAVAUSDT,KAVA,1,0.1142,0.1142,2233,true,KAVAUSDT,0.1148,kava,kava,Kava,0.114648,0.003907612867210976,124345176,124345176,binance-smart-chain,0x9bafc8d4b487cebff201721702507a3e2c67ad79,matched,
RUNEUSDT,RUNE,1,0.765,0.765,2233,true,RUNEUSDT,0.766,thorchain,rune,THORChain,0.764257,0.000972186057831396,268220650,324774553,,,matched,
ICXUSDT,ICX,1,0.0748,0.0748,2233,true,ICXUSDT,0.075,icon,icx,ICON,0.075019,0.002919260454018275,80744902,81898784,,,matched,
AVAXUSDT,AVAX,1,16.96,16.96,2233,true,AVAXUSDT,16.97,avalanche-2,avax,Avalanche,16.93,0.001772002362669884,7213908820,7777136794,,,matched,
SUSHIUSDT,SUSHI,1,0.4451,0.4451,2233,true,SUSHIUSDT,0.4457,sushi,sushi,Sushi,0.444603,0.0011178512065819835,85558837,127669227,ethereum,0x6b3595068778dd592e39a122f4f5a5cf09c90fe2,matched,
STORJUSDT,STORJ,1,0.1479,0.1479,2233,true,STORJUSDT,0.148,storj,storj,Storj,0.147652,0.001679625064340464,21210688,62693532,ethereum,0xb64ef51c888972c908cfacf59b47c1afbc0ab8ac,matched,
KSMUSDT,KSM,1,9.277,9.277,2233,true,KSMUSDT,9.29,kusama,ksm,Kusama,9.28,0.00032327586206897776,160225763,160225763,hydration,asset_registry%2F1000771,matched,
FLMUSDT,FLM,1,0.0213,0.0213,2233,true,FLMUSDT,0.0213,flamingo-finance,flm,Flamingo Finance,0.02120442,0.00450755078422319,11855072,11855072,,,matched,
YFIUSDT,YFI,1,4479,4479,2233,true,YFIUSDT,4482,yearn-finance,yfi,yearn.finance,4474.63,0.0009766170610754164,151712228,163849514,ethereum,0x0bc529c00c6401aef6d220be8c6ea1667f6ad93e,matched,
ENJUSDT,ENJ,1,0.03912,0.03912,2233,true,ENJUSDT,0.03918,enjincoin,enj,Enjin Coin,0.03909045,0.0007559391104477739,74126637,75656816,ethereum,0xf629cbd94d3791c9250152bd8dfbdf380e2a3b9c,matched,
AAVEUSDT,AAVE,1,204.55,204.55,2233,true,AAVEUSDT,204.71,aave,aave,Aave,204.4,0.0007338551859100083,3113880228,3264401481,ethereum,0x7fc66500c84a76ad7e9c93437bfc5ac33e2ddae9,matched,
FILUSDT,FIL,1,1.409,1.409,2233,true,FILUSDT,1.412,filecoin,fil,Filecoin,1.41,0.0007092198581559502,992568092,2752293811,,,matched,
LRCUSDT,LRC,1,0.06095,0.06095,2233,true,LRCUSDT,0.061,loopring,lrc,Loopring,0.060841,0.0017915550368994262,75707910,83478167,ethereum,0xbbbbca6a901c926f240b89eacb641d8aec7aeafd,matched,
RSRUSDT,RSR,1,0.004467,0.004467,2233,true,RSRUSDT,0.004475,reserve-rights-token,rsr,Reserve Rights,0.00446683,0.00003805830980804234,273164433,447332401,ethereum,0x320623b8e4ff03373931769a31fc52a4e78b5d70,matched,
AXSUSDT,AXS,1,1.237,1.237,2233,true,AXSUSDT,1.237,axie-infinity,axs,Axie Infinity,1.23,0.005691056910569201,205129002,331725494,ethereum,0xbb0e17ef65f82ab018d8edd776e8dd940327b28b,matched,
SKLUSDT,SKL,1,0.01605,0.01605,1899,true,SKLUSDT,0.01607,skale,skl,SKALE,0.01603902,0.0006845804793557986,96772892,97254774,ethereum,0x00c83aecc790e8a4453e5dd3b0b4b3680501a7a7,matched,
SANDUSDT,SAND,1,0.18501,0.18501,1752,true,SANDUSDT,0.1851,the-sandbox,sand,The Sandbox,0.184611,0.002161301330906666,449924921,551861655,ethereum,0x3845badade8e6dff049820680d1f14bd3903a5d0,matched,
COTIUSDT,COTI,1,0.02794,0.02794,1702,true,COTIUSDT,0.02802,coti,coti,COTI,0.02790856,0.0011265360878526386,68527734,68527917,ethereum,0xddb3422497e61e13543bea06989c0789117555c5,matched,
CHZUSDT,CHZ,1,0.02928,0.02928,1749,true,CHZUSDT,0.02933,,,,,,,,,,cg_not_found,
ALICEUSDT,ALICE,1,0.25,0.25,1696,true,ALICEUSDT,0.2503,my-neighbor-alice,alice,My Neighbor Alice,0.249384,0.00247008629262505,22960576,24934562,ethereum,0xac51066d7bec65dc4589368da368b212745d63e8,matched,
RVNUSDT,RVN,1,0.01029,0.01029,1716,true,RVNUSDT,0.01031,,,,,,,,,,cg_not_found,
MANAUSDT,MANA,1,0.2138,0.2138,1697,true,MANAUSDT,0.214,,,,,,,,,,cg_not_found,
HBARUSDT,HBAR,1,0.17576,0.17576,1694,true,HBARUSDT,0.17592,hedera-hashgraph,hbar,Hedera,0.175542,0.0012418680429754473,7444231188,8763026359,,,matched,
ONEUSDT,ONE,1,0.00502,0.00502,1694,true,ONEUSDT,0.00504,,,,,,,,,,cg_not_found,
CELRUSDT,CELR,1,0.00524,0.00524,1682,true,CELRUSDT,0.005237,,,,,,,,,,cg_not_found,
MTLUSDT,MTL,1,0.4173,0.4173,1680,true,MTLUSDT,0.418,metal,mtl,Metal DAO,0.41955,0.0053628888094386234,36777676,36777676,metal-l2,0xbcfc435d8f276585f6431fc1b9ee9a850b5c00a9,matched,
OGNUSDT,OGN,1,0.0394,0.0394,1680,true,OGNUSDT,0.0395,origin-protocol,ogn,Origin Token,0.03943787,0.0009602445568181635,25958320,55418519,ethereum,0x8207c1ffc5b6804f6024322ccf34f29c3541ae26,matched,
HOTUSDT,HOT,1,0.000567,0.000567,1681,true,HOTUSDT,0.000568,,,,,,,,,,cg_not_found,
UNIUSDT,UNI,1,5.475,5.475,2233,true,UNIUSDT,5.479,uniswap,uni,Uniswap,5.46,0.002747252747252689,3428393840,5442821557,ethereum,0x1f9840a85d5af5bf1d1762f925bdaddc4201f984,matched,
BELUSDT,BEL,1,0.1877,0.1877,2233,true,BELUSDT,0.1875,bella-protocol,bel,Bella Protocol,0.18733,0.001975124112528742,14950967,18688709,ethereum,0xa91ac63d040deb1b7a5e4d4134ad23eb0ba07e14,matched,
1INCHUSDT,1INCH,1,0.1683,0.1683,1776,false,,,1inch,1inch,1INCH,0.168474,0.0010328003134015187,234559448,251410132,ethereum,0x111111111117dc0aa78b770fa6a738034120c302,matched,
CHRUSDT,CHR,1,0.0684,0.0684,1699,true,CHRUSDT,0.0684,chromaway,chr,Chromia,0.068389,0.00016084458026871458,58017770,58017770,ethereum,0x8a2279d4a90b6fe1c4b30fa660cc9f926797baa2,matched,
NEARUSDT,NEAR,1,1.947,1.947,2233,true,NEARUSDT,1.948,near,near,NEAR Protocol,1.94,0.003608247422680473,2478283026,2478283051,ethereum,0x85f17cf997934a597031b2e18a9ab6ebd4b9f6a4,matched,
BTCDOMUSDT,BTCDOM,1,4565.9,4565.9,1602,false,,,,,,,,,,,,cg_not_found,
IOTXUSDT,IOTX,1,0.01002,0.01002,1547,true,IOTXUSDT,0.01003,iotex,iotx,IoTeX,0.01002308,0.00030729077289623453,94641075,94641075,ethereum,0x6fb3e0a217407efff7ca062d46c26e5d60a14d69,matched,
MASKUSDT,MASK,1,0.7749,0.7749,1573,true,MASKUSDT,0.775,mask-network,mask,Mask Network,0.774008,0.0011524428688075626,77389150,77389150,ethereum,0x69af81e73a73b40adf4f3d4223cd9b1ece623074,matched,
DENTUSDT,DENT,1,0.000384,0.000384,1688,true,DENTUSDT,0.000384,dent,dent,Dent,0.0003833,0.0018262457605009576,36649452,38314220,ethereum,0x3597bfd533a99c9aa083587b074434e61eb0a258,matched,
ZENUSDT,ZEN,1,20.726,20.726,2233,true,ZENUSDT,20.749,zencash,zen,Horizen,20.78,0.0025986525505294535,364869893,436164815,base,0xf43eb8de897fbc7f2502483b2bef7bb9ea179229,matched,
C98USDT,C98,1,0.0322,0.0322,1535,true,C98USDT,0.0323,coin98,c98,Coin98,0.03218308,0.0005257420980215896,32177279,32177313,ethereum,0xae12c5930881c53715b369cec7606b70d8eb229f,matched,
ATAUSDT,ATA,1,0.0241,0.0241,1528,true,ATAUSDT,0.024,automata,ata,Automata,0.02408638,0.0005654647979480067,14158668,24087887,ethereum,0xa2120b9e674d3fc3875f415a7df52e382f141225,matched,
GALAUSDT,GALA,1,0.00905,0.00905,1510,true,GALAUSDT,0.00906,gala,gala,GALA,0.00904293,0.0007818262443700638,418890188,418890188,ethereum,0xd1d2eb1b1e90b638588728b4130137d262c87cae,matched,
GTCUSDT,GTC,1,0.175,0.175,1696,true,GTCUSDT,0.174,gitcoin,gtc,Gitcoin,0.174032,0.005562195458306499,16708323,17335032,ethereum,0xde30da39c46104798bb5aa3fe8b9e0e1f348163f,matched,
1000XECUSDT,1000XEC,1000,0.01345,0.00001345,1511,true,XECUSDT,0.00001348,ecash,xec,eCash,0.00001344,0.000744047619047612,268065199,268065199,,,matched,
ARPAUSDT,ARPA,1,0.01628,0.01628,1479,true,ARPAUSDT,0.0163,arpa,arpa,ARPA,0.01624987,0.0018541686795032662,15915329,32408350,ethereum,0xba50933c268f567bdc86e1ac131be072c6b0b71a,matched,
DYDXUSDT,DYDX,1,0.284,0.284,1518,true,DYDXUSDT,0.2854,dydx-chain,dydx,dYdX,0.284842,0.002956024743542067,226779729,272491284,cosmos,ibc/831F0B1BBB1D08A2B75311892876D71565478C532967545476DF4C2D7492E48C,matched,
SFPUSDT,SFP,1,0.3373,0.3373,1715,true,SFPUSDT,0.3377,safepal,sfp,SafePal,0.337161,0.00041226595009505914,168549466,168549466,ethereum,0x12e2b8033420270db2f3b328e32370cb5b2ca134,matched,
ARUSDT,AR,1,4.213,4.213,1499,true,ARUSDT,4.22,arweave,ar,Arweave,4.21,0.0007125890736342313,275728118,275728118,,,matched,
ENSUSDT,ENS,1,13.03,13.03,1437,true,ENSUSDT,13.04,ethereum-name-service,ens,Ethereum Name Service,13,0.0023076923076922585,488217097,1297535671,ethereum,0xc18360217d8f7ab5e7c516566761ea12ce7f9d72,matched,
ANKRUSDT,ANKR,1,0.00884,0.00884,1745,true,ANKRUSDT,0.00885,,,,,,,,,,cg_not_found,
CELOUSDT,CELO,1,0.226,0.226,1501,true,CELOUSDT,0.2269,celo,celo,Celo,0.225898,0.00045153122205605515,132477476,225766030,celo,0x471ece3750da237f93b8e339c536989b8978a438,matched,
PEOPLEUSDT,PEOPLE,1,0.01024,0.01024,1413,true,PEOPLEUSDT,0.01024,constitutiondao,people,ConstitutionDAO,0.01021009,0.0029294550782609213,51542321,51542321,ethereum,0x7a58c0be72be218b41c608b7fe7c5bb630736c71,matched,
ROSEUSDT,ROSE,1,0.01808,0.01808,1405,true,ROSEUSDT,0.01811,oasis-network,rose,Oasis,0.01803825,0.002314526076531821,134740462,180090592,binance-smart-chain,0xf00600ebc7633462bc4f9c61ea2ce99f5aaebd4a,matched,
FLOWUSDT,FLOW,1,0.241,0.241,1365,true,FLOWUSDT,0.241,flow,flow,Flow,0.24051,0.002037337324851318,388106280,388106280,,,matched,
API3USDT,API3,1,0.5957,0.5957,1353,true,API3USDT,0.5965,api3,api3,Api3,0.595005,0.00116805741128226,78250765,91451620,ethereum,0x0b38210ea11411557c13457d4da7dc6ea731b88a,matched,
APEUSDT,APE,1,0.3708,0.3708,1329,true,APEUSDT,0.3713,apecoin,ape,ApeCoin,0.370815,0.00004045143804858823,336935868,370803269,,,matched,
OPUSDT,OP,1,0.373,0.373,1253,true,OPUSDT,0.3733,optimism,op,Optimism,0.372012,0.002655828306613735,702992740,1591994699,optimistic-ethereum,0x4200000000000000000000000000000000000042,matched,
GMTUSDT,GMT,1,0.02246,0.02246,1332,true,GMTUSDT,0.02247,stepn,gmt,GMT,0.02236539,0.004230196745954437,69383734,113146060,ethereum,0xe3c408bd53c31c085a1746af401a4042954ff740,matched,
SPELLUSDT,SPELL,1,0.0002891,0.0002891,1157,true,SPELLUSDT,0.000289,spell-token,spell,Spell,0.00028881,0.0010041203559432092,49300415,56598248,ethereum,0x090185f2135308bad17527004364ebcc2d37e5f6,matched,
INJUSDT,INJ,1,6.728,6.728,1177,true,INJUSDT,6.73,injective-protocol,inj,Injective,6.72,0.0011904761904761917,653983308,669192581,ethereum,0xe28b3b32b6c345a34ff64674606124dd5aceca30,matched,
LUNA2USDT,LUNA2,1,0.0816,0.0816,1153,false,,,,,,,,,,,,cg_not_found,
STGUSDT,STG,1,0.1284,0.1284,1169,true,STGUSDT,0.1287,stargate-finance,stg,Stargate Finance,0.128441,0.00031921271245173463,124776591,128441710,ethereum,0xaf5191b0de278c7286d6c7cc6ab6bb8a73ba2cd6,matched,
1000SHIBUSDT,1000SHIB,1000,0.009206,0.000009206000000000001,1640,true,SHIBUSDT,0.00000922,shiba-inu,shib,Shiba Inu,0.00000919,0.0017410228509250492,5400225987,5402566505,ethereum,0x95ad61b0a150d79219dcf64e1e6cc01f0b64c4ce,matched,
LDOUSDT,LDO,1,0.7703,0.7703,1141,true,LDOUSDT,0.7709,lido-dao,ldo,Lido DAO,0.769378,0.0011983706318610338,687296154,767269581,ethereum,0x5a98fcbea516cf06857215779fd812ca3bef1b32,matched,
ICPUSDT,ICP,1,5.235,5.235,1559,true,ICPUSDT,5.253,internet-computer,icp,Internet Computer,5.21,0.004798464491362832,2804908028,2804908028,ethereum,0x00f3c42833c3170159af4e92dbb451fb3f708917,matched,
WOOUSDT,WOO,1,0.03306,0.03306,1308,true,WOOUSDT,0.0331,woo-network,woo,WOO,0.0330886,0.0008643460285416614,62855692,72753845,ethereum,0x4691937a7508860f876c9c0a2a617e7d9e945d4b,matched,
FXSUSDT,FXS,1,1.2446,1.2446,1021,true,FXSUSDT,1.244,frax-share,frax,Frax (prev. FXS),1.24,0.0037096774193547885,111184240,123813560,ethereum,0x3432b6a60d23ca0dfca7761b7ab56459d9c964d0,matched,
APTUSDT,APT,1,2.6675,2.6675,1114,true,APTUSDT,2.674,aptos,apt,Aptos,2.67,0.0009363295880149613,1916259489,3147911618,aptos,0x1::aptos_coin::AptosCoin,matched,
HOOKUSDT,HOOK,1,0.05247,0.05247,1021,true,HOOKUSDT,0.0525,hooked-protocol,hook,Hooked Protocol,0.052362,0.002062564455139298,15832355,26097289,binance-smart-chain,0xa260e12d2b924cb899ae80bb58123ac3fee1e2f0,matched,
MAGICUSDT,MAGIC,1,0.1134,0.1134,1017,true,MAGICUSDT,0.1136,magic,magic,Treasure,0.113101,0.0026436547864298957,35805710,39323138,ethereum,0xb0c7a3ba49c7a6eaba6cd4a96c55a1391070ac9a,matched,
TUSDT,T,1,0.01208,0.01208,1009,true,TUSDT,0.0121,bitcoin,btc,Bitcoin,104210,0.9999998840802227,2075082079022,2075082079022,,,price_too_far,
FETUSDT,FET,1,0.2246,0.2246,1025,true,FETUSDT,0.2248,,,,,,,,,,cg_not_found,
ASTRUSDT,ASTR,1,0.014361,0.014361,996,true,ASTRUSDT,0.01438,astar,astr,Astar,0.01435384,0.0004988212213596394,118030374,122912784,ethereum,0xf27441230eadeac85b764610325cc9a0d7859689,matched,
MINAUSDT,MINA,1,0.1366,0.1366,1006,true,MINAUSDT,0.1368,,,,,,,,,,cg_not_found,
GMXUSDT,GMX,1,9.137,9.137,993,true,GMXUSDT,9.16,gmx,gmx,GMX,9.12,0.001864035087719434,94317049,94317049,arbitrum-one,0xfc5a1a6eb076a2c7ad06ed22c90d7e710e35ad0a,matched,
CFXUSDT,CFX,1,0.09152,0.09152,990,true,CFXUSDT,0.0915,conflux-token,cfx,Conflux,0.091463,0.0006232028251861571,470185283,522481075,,,matched,
STXUSDT,STX,1,0.3614,0.3614,989,true,STXUSDT,0.3618,,,,,,,,,,cg_not_found,
ACHUSDT,ACH,1,0.011085,0.011085,988,true,ACHUSDT,0.01109,,,,,,,,,,cg_not_found,
SSVUSDT,SSV,1,4.003,4.003,986,true,SSVUSDT,4.005,,,,,,,,,,cg_not_found,
CKBUSDT,CKB,1,0.003107,0.003107,982,true,CKBUSDT,0.003114,nervos-network,ckb,Nervos Network,0.00310643,0.0001834903731936932,147680151,150032068,,,matched,
PERPUSDT,PERP,1,0.1398,0.1398,976,true,PERPUSDT,0.1397,perpetual-protocol,perp,Perpetual Protocol,0.139715,0.0006083813477436333,10144455,20956770,ethereum,0xbc396689893d065f41bc2c6ecbee5e0085233447,matched,
TRUUSDT,TRU,1,0.01604,0.01604,975,true,TRUUSDT,0.0161,truefi,tru,TrueFi,0.01605142,0.0007114635340674885,21341786,21580193,ethereum,0x4c19596f5aaff459fa38b0f7ed92f11ae6543784,matched,
LQTYUSDT,LQTY,1,0.5005,0.5005,973,true,LQTYUSDT,0.501,liquity,lqty,Liquity,0.500325,0.0003497726477787942,48916948,49956785,ethereum,0x6dea81c8171d0ba574754ef6f8b412f2ed88c54d,matched,
USDCUSDT,USDC,1,0.999396,0.999396,969,true,USDCUSDT,1,usd-coin,usdc,USDC,0.999793,0.00039708219601466673,75022151994,75024979860,ethereum,0xa0b86991c6218b36c1d19d4a2e9eb0ce3606eb48,matched,
IDUSDT,ID,1,0.09257,0.09257,958,true,IDUSDT,0.0926,staked-ether,steth,Lido Staked Ether,3451.36,0.9999731786889806,29886167911,29886167911,ethereum,0xae7ab96520de3a18e5e111b5eaab095312d7fe84,price_too_far,
ARBUSDT,ARB,1,0.2709,0.2709,958,true,ARBUSDT,0.2711,arbitrum,arb,Arbitrum,0.270575,0.0012011457082138563,1489571988,2703548604,ethereum,0xb50721bcf8d664c30412cfbc6cf7a15145234ad1,matched,
PHBUSDT,PHB,1,0.3511,0.3511,994,true,PHBUSDT,0.351,phoenix-global,phb,Phoenix,0.350583,0.0014746864508548483,20925029,20925029,binance-smart-chain,0x0409633a72d846fc5bbe2f98d88564d35987904d,matched,
GRTUSDT,GRT,1,0.05711,0.05711,1783,true,GRTUSDT,0.05716,the-graph,grt,The Graph,0.057065,0.0007885744326645644,603037023,616193886,ethereum,0xc944e90c64b2c07662a292be6244bdf05cda44a7,matched,
IMXUSDT,IMX,1,0.426,0.426,1364,true,IMXUSDT,0.426,immutable-x,imx,Immutable,0.425315,0.0016105709885613985,834943233,850050627,ethereum,0xf57e7e7c23978c3caec3c3548e3d615c346e79ff,matched,
RDNTUSDT,RDNT,1,0.01408,0.01408,946,true,RDNTUSDT,0.0141,radiant-capital,rdnt,Radiant Capital,0.01407219,0.0005549953489826712,18180634,21106339,ethereum,0x137ddb47ee24eaa998a535ab00378d6bfa84f893,matched,
HFTUSDT,HFT,1,0.04281,0.04281,945,true,HFTUSDT,0.0428,hashflow,hft,Hashflow,0.04277358,0.0008514601770532717,26580831,42772413,ethereum,0xb3999f658c0391d94a37f7ff328f3fec942bcadc,matched,
TLMUSDT,TLM,1,0.002832,0.002832,952,true,TLMUSDT,0.00283,alien-worlds,tlm,Alien Worlds,0.00282882,0.0011241436358622192,17304459,19327945,ethereum,0x888888848b652b3e3a0f34c96e00eec0f3a23f72,matched,
XVSUSDT,XVS,1,4.272,4.272,938,true,XVSUSDT,4.27,venus,xvs,Venus,4.27,0.00046838407494160844,71539915,127053940,ethereum,0xd3cc9d8f3689b83c91b7b59cab4946b063eb894a,matched,
BLURUSDT,BLUR,1,0.04238,0.04238,923,true,BLURUSDT,0.04242,blur,blur,Blur,0.04229026,0.0021220016145561144,109422694,126841469,ethereum,0x5283d291dbcf85356a21ba090e6db59121208b44,matched,
QNTUSDT,QNT,1,86.67,86.67,1114,true,QNTUSDT,86.75,quant-network,qnt,Quant,86.6,0.0008083140877599007,1258823121,1264736059,ethereum,0x4a220e6096b25eadb88358cb44068a3248254675,matched,
CTSIUSDT,CTSI,1,0.0442,0.0442,1472,true,CTSIUSDT,0.0442,cartesi,ctsi,Cartesi,0.04414779,0.0011826186542973935,39088933,44107664,ethereum,0x491604c0fdf08347dd1fa4ee062a822a5dd06b5d,matched,
EDUUSDT,EDU,1,0.1625,0.1625,922,true,EDUUSDT,0.1626,edu-coin,edu,Open Campus,0.162344,0.0009609224855862689,97077860,161976317,ethereum,0x26aad156ba8efa501b32b42ffcdc8413f90e9c99,matched,
NKNUSDT,NKN,1,0.01566,0.01566,1672,true,NKNUSDT,0.0157,nkn,nkn,NKN,0.01561573,0.002834961926211632,12366580,12372274,ethereum,0x5cf04716ba20127f1e2297addcf4b5035000c9eb,matched,
1000PEPEUSDT,1000PEPE,1000,0.0057882,0.0000057882,915,true,PEPEUSDT,0.0000058,pepe,pepe,Pepe,0.00000578,0.0014186851211072998,2423068528,2423068528,ethereum,0x6982508145454ce325ddbe47a25d4ec3d2311933,matched,
1000FLOKIUSDT,1000FLOKI,1000,0.06082,0.00006082,914,true,FLOKIUSDT,0.00006089,floki,floki,FLOKI,0.00006067,0.002472391626833639,585466250,606182461,ethereum,0xcf0c122c6b73ff809c693db761e7baebe62b6a2e,matched,
SUIUSDT,SUI,1,2.044,2.044,917,true,SUIUSDT,2.0455,sui,sui,Sui,2.04,0.001960784313725492,7475088141,20305425808,sui,0x0000000000000000000000000000000000000000000000000000000000000002::sui::SUI,matched,
MAVUSDT,MAV,1,0.02936,0.02936,860,true,MAVUSDT,0.02936,maverick-protocol,mav,Maverick Protocol,0.02935745,0.00008686040511013281,22074775,58554160,ethereum,0x7448c7456a97769f6cd04f1e83a4a23ccdc46abd,matched,
WLDUSDT,WLD,1,0.7394,0.7394,835,true,WLDUSDT,0.74,worldcoin-wld,wld,Worldcoin,0.738089,0.0017762085602142169,1671501563,7361841345,ethereum,0x163f8c2467924be0ae7b5347228cabf260318753,matched,
1000LUNCUSDT,1000LUNC,1000,0.0374,0.0000374,1154,true,LUNCUSDT,0.00003741,terra-luna,lunc,Terra Luna Classic,0.00003742,0.0005344735435594981,205367839,242616399,,,matched,
XVGUSDT,XVG,1,0.00824,0.00824,854,true,XVGUSDT,0.008219,verge,xvg,Verge,0.00821681,0.002822263141048784,135266339,135536911,,,matched,
JASMYUSDT,JASMY,1,0.009016,0.009016,1296,true,JASMYUSDT,0.00903,jasmycoin,jasmy,JasmyCoin,0.00900865,0.0008158825129181085,435257980,449460946,ethereum,0x7420b4b9a0110cdc71fb720908340c03f9bc03ec,matched,
JOEUSDT,JOE,1,0.09793,0.09793,953,true,JOEUSDT,0.0981,joe,joe,JOE,0.097805,0.001278053269260264,39038233,48893855,binance-smart-chain,0x371c7ec6d8039ff7933a2aa28eb827ffe1f52f07,matched,
HIGHUSDT,HIGH,1,0.254,0.254,1006,true,HIGHUSDT,0.255,high,high,High,0.00006505,3903.6887009992315,0,27322,base,0x4d25e94291fe8dcfbfa572cbb2aaa7b755087c91,price_too_far,
ARKMUSDT,ARKM,1,0.3047,0.3047,831,true,ARKMUSDT,0.305,arkham,arkm,Arkham,0.304198,0.0016502409614790447,155736952,302811159,ethereum,0x6e2a43be0b1d33b726f0ca3b8de60b3482b8b050,matched,
PENDLEUSDT,PENDLE,1,2.7445,2.7445,831,true,PENDLEUSDT,2.747,pendle,pendle,Pendle,2.74,0.0016423357664232577,461524958,771629716,ethereum,0x808507121b80c02388fad14726482e061b8da827,matched,
AGLDUSDT,AGLD,1,0.3233,0.3233,830,true,AGLDUSDT,0.324,adventure-gold,agld,Adventure Gold,0.323193,0.0003310715269203486,28238855,29983390,ethereum,0x32353a6c91143bfd6c7d363b546e62a9a2489a20,matched,
NMRUSDT,NMR,1,11.394,11.394,867,true,NMRUSDT,11.41,numeraire,nmr,Numeraire,11.39,0.0003511852502194521,91239676,121445875,ethereum,0x1776e1f26f98b1a5df9cd347953a26dd3cb46671,matched,
DODOXUSDT,DODOX,1,0.026888,0.026888,820,false,,,,,,,,,,,,cg_not_found,
BNTUSDT,BNT,1,0.5209,0.5209,818,true,BNTUSDT,0.521,bancor,bnt,Bancor Network,0.520729,0.0003283857822399602,57661810,57661810,ethereum,0x1f573d6fb3f13d689ff844b4ce37794d79a7ff1c,matched,
SEIUSDT,SEI,1,0.1681,0.1681,811,true,SEIUSDT,0.1683,sei-network,sei,Sei,0.168054,0.0002737215418852898,1050094611,1680450124,,,matched,
OXTUSDT,OXT,1,0.03803,0.03803,817,true,OXTUSDT,0.0379,orchid-protocol,oxt,Orchid Protocol,0.03794441,0.0022556682262289346,22440360,37935188,ethereum,0x4575f41308ec1483f3d399aa9a2826d74da13deb,matched,
UMAUSDT,UMA,1,0.943,0.943,911,true,UMAUSDT,0.944,uma,uma,UMA,0.943639,0.0006771657381689991,83198762,119306083,ethereum,0x04fa0d235c4abf4bcf4787af4cf447de572ef828,matched,
BICOUSDT,BICO,1,0.06217,0.06217,769,true,BICOUSDT,0.0623,biconomy,bico,Biconomy,0.062027,0.0023054476276460935,61602881,61991769,ethereum,0xf17e65822b568b3903685a7c9f496cf7656cc6c2,matched,
WAXPUSDT,WAXP,1,0.01049,0.01049,749,true,WAXPUSDT,0.0105,wax,waxp,WAX,0.01048069,0.0008883002932057418,36729293,39519590,ethereum,0x2a79324c19ef2b89ea98b23bc669b7e7c9f8a517,matched,
ARKUSDT,ARK,1,0.2737,0.2737,778,true,ARKUSDT,0.2739,ark-3,ark,ARK,39.87,0.9931351893654378,426919237,426919237,binance-smart-chain,0xcae117ca6bc8a341d2e7207f30e180f0e5618b9d,price_too_far,
BIGTIMEUSDT,BIGTIME,1,0.02784,0.02784,755,true,BIGTIMEUSDT,0.02787,big-time,bigtime,Big Time,0.02784565,0.00020290422381949804,53042256,138981772,ethereum,0x64bc2ca1be492be7185faa2c8835d9b824c8a194,matched,
POLYXUSDT,POLYX,1,0.07011,0.07011,742,true,POLYXUSDT,0.0701,polymesh,polyx,Polymesh,0.070108,0.000028527414845695214,85239889,85239889,,,matched,
TIAUSDT,TIA,1,0.8239,0.8239,736,true,TIAUSDT,0.824,celestia,tia,Celestia,0.82142,0.003019161939081014,683602136,942942580,secret,secret1s9h6mrp4k9gll4zfv5h78ll68hdq8ml7jrnn20,matched,
POWRUSDT,POWR,1,0.0953,0.0953,740,true,POWRUSDT,0.0953,power-ledger,powr,Powerledger,0.095072,0.0023981824301581127,50328348,94954910,ethereum,0x595832f8fc6bf59c85c527fec3740a1b7a361269,matched,
TWTUSDT,TWT,1,1.1963,1.1963,733,true,TWTUSDT,1.1971,trust-wallet-token,twt,Trust Wallet,1.19,0.005294117647058801,497367291,1193729535,binance-smart-chain,0x4b0f1812e5df2a09796481ff14017e6005508003,matched,
MEMEUSDT,MEME,1,0.001445,0.001445,733,true,MEMEUSDT,0.001447,memecoin-2,meme,Memecoin,0.00144398,0.0007063809748057548,84747731,99322467,ethereum,0xb131f4a55907b10d1f0a50d8ab8fa09ec342cd74,matched,
STEEMUSDT,STEEM,1,0.07716,0.07716,728,true,STEEMUSDT,0.0772,steem,steem,Steem,0.077248,0.0011391880695939165,40997771,40998812,,,matched,
CYBERUSDT,CYBER,1,0.881,0.881,807,true,CYBERUSDT,0.883,,,,,,,,,,cg_not_found,
BSVUSDT,BSV,1,21.58,21.58,747,false,,,,,,,,,,,,cg_not_found,
NTRNUSDT,NTRN,1,0.03799,0.03799,722,true,NTRNUSDT,0.038,neutron-3,ntrn,Neutron,0.03800831,0.00048173675704059484,23562424,37938489,osmosis,ibc/126DA09104B71B164883842B769C0E9EC1486C0887D27A9999E395C2C8FB5682,matched,
KASUSDT,KAS,1,0.04791,0.04791,719,false,,,kaspa,kas,Kaspa,0.04792947,0.00040622189229300046,1283396573,1288643897,,,matched,
CAKEUSDT,CAKE,1,2.2902,2.2902,734,true,CAKEUSDT,2.294,,,,,,,,,,cg_not_found,
1000BONKUSDT,1000BONK,1000,0.0123,0.0000123,714,true,BONKUSDT,0.00001233,bonk,bonk,Bonk,0.00001229,0.0008136696501221805,1006481663,1078615368,ethereum,0x1151cb3d861920e07a38e03eead12c32178567f6,matched,
PYTHUSDT,PYTH,1,0.09374,0.09374,714,true,PYTHUSDT,0.0938,pyth-network,pyth,Pyth Network,0.093656,0.0008968992910224731,536979497,933880149,solana,HZ1JovNiVvGrGNiiYvEozEVgZ58xaU3RKwX8eACQBCt3,matched,
SUPERUSDT,SUPER,1,0.3085,0.3085,710,true,SUPERUSDT,0.3085,superfarm,super,SuperVerse,0.307767,0.0023816718491585635,195770373,307252456,ethereum,0xe53ec727dbdeb9e2d5456c3be40cff031ab40a55,matched,
ORDIUSDT,ORDI,1,4.179,4.179,729,true,ORDIUSDT,4.18,,,,,,,,,,cg_not_found,
JTOUSDT,JTO,1,0.8059,0.8059,698,true,JTOUSDT,0.806,jito-governance-token,jto,Jito,0.804836,0.0013220084588660968,319293436,803756527,solana,jtojtomepa8beP8AuQc6eXt5FriJwfFMwQx2v2f9mCL,matched,
BEAMXUSDT,BEAMX,1,0.004159,0.004159,719,true,BEAMXUSDT,0.004161,,,,,,,,,,cg_not_found,
ILVUSDT,ILV,1,9.262,9.262,726,true,ILVUSDT,9.28,,,,,,,,,,cg_not_found,
USTCUSDT,USTC,1,0.006782,0.006782,709,true,USTCUSDT,0.00679,,,,,,,,,,cg_not_found,
AUCTIONUSDT,AUCTION,1,6.217,6.217,691,true,AUCTIONUSDT,6.24,auction,auction,Bounce,6.22,0.00048231511254021123,44026787,47445862,ethereum,0xa9b1eb5908cfc3cdf91f9b8b3a74108598009096,matched,
MOVRUSDT,MOVR,1,3.282,3.282,680,true,MOVRUSDT,3.293,moonriver,movr,Moonriver,3.29,0.0024316109422492425,33597654,40037266,moonriver,0x98878b06940ae243284ca214f92bb71a2b032b8a,matched,
ONGUSDT,ONG,1,0.10066,0.10066,709,true,ONGUSDT,0.1007,,,,,,,,,,cg_not_found,
1000RATSUSDT,1000RATS,1000,0.03991,0.00003991,691,false,,,goldenrat,rats,GoldenRat,3.69178e-7,107.10503334434878,196066,196066,binance-smart-chain,0x45787821a0bd5e6bba8e709783c773a386e34d65,price_too_far,
AIUSDT,AI,1,0.05983,0.05983,667,true,AIUSDT,0.0598,chainlink,link,Chainlink,15.31,0.9960920966688439,10647699908,15279759431,ethereum,0x514910771af9ca656af840dff83e8264ecf986ca,price_too_far,
XAIUSDT,XAI,1,0.0215,0.0215,666,true,XAIUSDT,0.0215,xai-blockchain,xai,Xai,0.02151724,0.0008012180000781558,39060139,43374624,arbitrum-one,0x4cb9a7ae498cedcbb5eae9f25736ae7d428c9d66,matched,
MANTAUSDT,MANTA,1,0.0956,0.0956,657,true,MANTAUSDT,0.0957,manta-network,manta,Manta Network,0.095525,0.000785134781470878,42859858,95403997,manta-pacific,0x95cef13441be50d20ca4558cc0a27b601ac544e5,matched,
ACEUSDT,ACE,1,0.2507,0.2507,688,true,ACEUSDT,0.25,,,,,,,,,,cg_not_found,
LSKUSDT,LSK,1,0.1821,0.1821,650,true,LSKUSDT,0.182,lisk,lsk,Lisk,0.18169,0.002256590896582209,37724787,72634375,ethereum,0x6033f7f88332b8db6ad452b7c6d5bb643990ae3f,matched,
ALTUSDT,ALT,1,0.01651,0.01651,650,true,ALTUSDT,0.01653,altlayer,alt,AltLayer,0.01650773,0.00013751133559845367,77810182,164907885,ethereum,0x8457ca5040ad67fdebbcc8edce889a335bc0fbfb,matched,
ONDOUSDT,ONDO,1,0.6199,0.6199,655,true,ONDOUSDT,0.6202,,,,,,,,,,cg_not_found,
JUPUSDT,JUP,1,0.3573,0.3573,644,true,JUPUSDT,0.3577,jupiter-exchange-solana,jup,Jupiter,0.356394,0.0025421303388946446,1144578205,2488875065,solana,JUPyiwrYJFskUPiHa7hkeR8VUtAeFoSYbKedZNsDvCN,matched,
ZETAUSDT,ZETA,1,0.1011,0.1011,642,false,,,,,,,,,,,,cg_not_found,
DYMUSDT,DYM,1,0.0821,0.0821,637,true,DYMUSDT,0.0822,,,,,,,,,,cg_not_found,
OMUSDT,OM,1,0.09412,0.09412,631,true,OMUSDT,0.0942,mantra-dao,om,MANTRA,0.094151,0.00032925831908320937,103632431,161401730,ethereum,0x3593d125a4f7849a1b059e64f4517a86dd60c95d,matched,
PIXELUSDT,PIXEL,1,0.01321,0.01321,625,true,PIXELUSDT,0.01322,pixels,pixel,Pixels,0.01320924,0.00005753548273776205,10159598,65882286,ethereum,0x3429d03c6f7521aec737a0bbf2e5ddcef2c3ae31,matched,
STRKUSDT,STRK,1,0.1103,0.1103,624,true,STRKUSDT,0.1106,starknet,strk,Starknet,0.110398,0.0008876972408920531,503183163,1103466847,ethereum,0xca14007eff0db1f8135f4c25b34de49ab0d42766,matched,
GLMUSDT,GLM,1,0.1804,0.1804,622,true,GLMUSDT,0.1808,golem,glm,Golem,0.180572,0.000952528631238539,180309396,180309396,ethereum,0x7dd9c5cba05e151c895fde1cf355c9a1d5da6429,matched,
PORTALUSDT,PORTAL,1,0.02248,0.02248,615,true,PORTALUSDT,0.0224,portal-2,portal,Portal,0.02242703,0.0023618820682007116,13257149,22378240,ethereum,0x1bbe973bef3a977fc51cbed703e8ffdefe001fed,matched,
LPTUSDT,LPT,1,5.194,5.194,1456,true,LPTUSDT,5.2,livepeer,lpt,Livepeer,5.19,0.0007707129094411482,239751272,239751272,ethereum,0x58b6a8a3302369daec383334672404ee733ab239,matched,
DUSKUSDT,DUSK,1,0.05411,0.05411,1399,true,DUSKUSDT,0.0543,dusk-network,dusk,DUSK,0.054243,0.0024519292811975954,27141287,27141287,ethereum,0x940a2db1b7008b6c776d4faaca729d6d4a4aa551,matched,
GASUSDT,GAS,1,2.289,2.289,742,true,GASUSDT,2.292,gas,gas,Gas,2.29,0.0004366812227073755,149162174,149162174,neo,602c79718b16e442de58778e148d0b1084e3b2dffd5de6b7b16cee7969282de7,matched,
MYROUSDT,MYRO,1,0.01492,0.01492,610,false,,,myro,$myro,Myro,0.01475832,0.010955176469950449,14644516,14644516,solana,HhJpBhRRn4g56VsyLuT8DL5Bv31HkXqsrahTTUCZeZg4,matched,
METISUSDT,METIS,1,8.13,8.13,603,true,METISUSDT,8.15,metis-token,metis,Metis,8.13,0,54343698,81148339,ethereum,0x9e32b13ce7f2e80a01932b42553652e053d6ed8e,matched,
AXLUSDT,AXL,1,0.1597,0.1597,614,true,AXLUSDT,0.1599,axelar,axl,Axelar,0.159724,0.0001502591971149999,170162594,195201980,ethereum,0x467719ad09025fcc6cf6f8311755809d45a5e5f3,matched,
AEVOUSDT,AEVO,1,0.05364,0.05364,602,true,AEVOUSDT,0.0536,aevo-exchange,aevo,Aevo,0.053576,0.0011945647304763616,48977051,53498482,ethereum,0xb528edbef013aff855ac3c50b381f253af13b997,matched,
BOMEUSDT,BOME,1,0.000842,0.000842,599,true,BOMEUSDT,0.000843,book-of-meme,bome,BOOK OF MEME,0.00084229,0.00034429946930393627,58079416,58079416,solana,ukHH6c7mMyiWCf1b9pnWe25TSpkDDt3H5pQZgZ74J82,matched,
ENAUSDT,ENA,1,0.3399,0.3399,582,true,ENAUSDT,0.3404,ethena,ena,Ethena,0.339573,0.0009629740880457698,2520567460,5093127261,ethereum,0x57e114b691db790c35207b2e685d4a43181e6061,matched,
RIFUSDT,RIF,1,0.04125,0.04125,746,true,RIFUSDT,0.0412,rif-token,rif,Rootstock Infrastructure Framework,0.04116108,0.0021602931701500366,41145108,41145108,ethereum,0x01b603be3d545f096015741e6503440282bf45fb,matched,
ETHFIUSDT,ETHFI,1,0.895,0.895,597,true,ETHFIUSDT,0.896,ether-fi,ethfi,Ether.fi,0.893228,0.0019838160021853277,501719221,888119894,ethereum,0xfe0c30065b384f05761f15d0cc899d4f9f9cc0eb,matched,
YGGUSDT,YGG,1,0.1071,0.1071,823,true,YGGUSDT,0.1072,yield-guild-games,ygg,Yield Guild Games,0.107031,0.0006446730386523495,72549779,106919796,ethereum,0x25f8087ead173b73d6e8b84329989a8eea16cf73,matched,
WUSDT,W,1,0.05961,0.05961,581,true,WUSDT,0.0596,wrapped-steth,wsteth,Wrapped stETH,4199,0.9999858037628007,13988422498,13988422498,ethereum,0x7f39c581f595b53c5cb19bd0b3f8da6c935e2ca0,price_too_far,
SAGAUSDT,SAGA,1,0.0849,0.0849,575,true,SAGAUSDT,0.0852,saga-2,saga,Saga,0.085,0.0011764705882353276,27070718,91853450,saga,usaga,matched,
BBUSDT,BB,1,0.08991,0.08991,541,true,BBUSDT,0.09,bouncebit,bb,BounceBit,0.089754,0.0017380840965305541,36605781,187721956,ethereum,0xd459eceddafcc1d876a3be7290a2e16e801073a3,matched,
REZUSDT,REZ,1,0.00759,0.00759,554,true,REZUSDT,0.00761,renzo,rez,Renzo,0.0075968,0.0008951137320976615,33790932,74950243,ethereum,0x3b50805453023a91a8bf641e279401a0b23fa6f9,matched,
NOTUSDT,NOT,1,0.0006725,0.0006725,538,true,NOTUSDT,0.000673,notcoin,not,Notcoin,0.00067168,0.0012208194378275504,66714761,68743242,the-open-network,EQAvlWFDxGF2lXm67y4yzC17wYKD9A0guwPkMs1gOsM__NOT,matched,
TURBOUSDT,TURBO,1,0.0019397,0.0019397,524,true,TURBOUSDT,0.001941,turbo,turbo,Turbo,0.00193619,0.0018128386160448982,133546986,133546986,ethereum,0xa35923162c49cf95e6bf26623385eb431ad920d3,matched,
IOUSDT,IO,1,0.2794,0.2794,512,true,IOUSDT,0.28,io,io,io.net,0.279514,0.00040785076955001537,65186328,223060393,solana,BZLbGTNCSFfoth2GYDtwr7e4imWzpR5jqcUuGEwr646K,matched,
MEWUSDT,MEW,1,0.001493,0.001493,506,false,,,cat-in-a-dogs-world,mew,cat in a dogs world,0.00149195,0.0007037769362244396,132530099,132530099,solana,MEW1gQWJ3nEXg2qgERiKu7FAFj79PHvQVREQUzScPP5,matched,
TOKENUSDT,TOKEN,1,0.006465,0.006465,733,false,,,leo-token,leo,LEO Token,9.55,0.9993230366492146,8809779554,9410824112,ethereum,0x2af5d2ad76741191d15dfe7bf6ac92d4bd912ca3,price_too_far,
ZKUSDT,ZK,1,0.08007,0.08007,506,true,ZKUSDT,0.08027,zksync,zk,ZKsync,0.080121,0.0006365372374283333,575541492,1671288200,ethereum,0x66a5cfb2e9c529f14fe6364ad1075df3a649c0a5,matched,
LISTAUSDT,LISTA,1,0.2452,0.2452,503,true,LISTAUSDT,0.2455,lista,lista,Lista DAO,0.244777,0.001728103539139734,61202712,194321179,binance-smart-chain,0xfceb31a79f71ac9cbdcf853519c1b12d379edc46,matched,
RENDERUSDT,RENDER,1,2.015,2.015,467,true,RENDERUSDT,2.017,render-token,render,Render,2.01,0.0024875621890548946,1043431265,1073129844,ethereum,0x6de037ef9ad2725eb40118bb1702ebb27e4aeb24,matched,
ZROUSDT,ZRO,1,1.4921,1.4921,503,true,ZROUSDT,1.494,layerzero,zro,LayerZero,1.49,0.0014093959731543563,165784872,1491503508,ethereum,0x6985884c4392d348587b19cb9eaaf157f13271cd,matched,
BANANAUSDT,BANANA,1,10.334,10.334,447,true,BANANAUSDT,10.33,banana-gun,banana,Banana Gun,10.34,0.0005802707930367725,41525097,87392705,ethereum,0x38e68a37e401f7271568cecaac63c6b1e19130b4,matched,
GUSDT,G,1,0.006352,0.006352,447,true,GUSDT,0.00635,dogecoin,doge,Dogecoin,0.167947,0.9621785444217521,25461058044,25466048820,,,price_too_far,
SYNUSDT,SYN,1,0.06714,0.06714,446,true,SYNUSDT,0.0672,synapse-2,syn,Synapse,0.066968,0.002568390873252979,14657712,16727467,ethereum,0x0f2d719407fdbeff09d87557abb7232601fd9f29,matched,
TNSRUSDT,TNSR,1,0.04828,0.04828,576,true,TNSRUSDT,0.0484,tensor,tnsr,Tensor,0.04829532,0.0003172150013707171,16147681,48258612,solana,TNSRxcUxoT9xBG3de7PiJyTDYu7kskLqcpddxnEJAS6,matched,
VANRYUSDT,VANRY,1,0.01245,0.01245,602,true,VANRYUSDT,0.0124,vanar-chain,vanry,Vanar Chain,0.01239917,0.0040994679482578246,24193003,25851420,ethereum,0x8de5b80a0c1b02fe4976851d030b36122dbb8624,matched,
ETHWUSDT,ETHW,1,0.7487,0.7487,708,false,,,ethereum-pow-iou,ethw,EthereumPoW,0.748659,0.000054764585746072325,80704684,80704684,,,matched,
VOXELUSDT,VOXEL,1,0.03624,0.03624,442,true,VOXELUSDT,0.0362,voxies,voxel,Voxies,0.03616044,0.002200194466660233,8794078,10845171,polygon-pos,0xd0258a3fd00f38aa8090dfee343f10a9d4d30d3f,matched,
TAOUSDT,TAO,1,398.46,398.46,573,true,TAOUSDT,398.7,bittensor,tao,Bittensor,397.13,0.0033490292851207012,3809723125,8335947971,,,matched,
POPCATUSDT,POPCAT,1,0.1302,0.1302,440,false,,,popcat,popcat,Popcat,0.129813,0.0029812114349102047,126456564,126456564,solana,7GCihgDB8fe6KNjn2MYtkzZcRjQy3t9GHdC8uHYmW2hr,matched,
SUNUSDT,SUN,1,0.02154,0.02154,440,true,SUNUSDT,0.02154,sun-token,sun,Sun Token,0.0215475,0.00034806822137141484,413181154,428804363,tron,TSSMHYeV2uE9qYH95DqyoCuNCzEL1NvU3S,matched,
CHESSUSDT,CHESS,1,0.04091,0.04091,433,true,CHESSUSDT,0.04096,tranchess,chess,Tranchess,0.04094102,0.0007576753095062033,8418297,12278041,binance-smart-chain,0x20de22029ab63cf9a7cf5feb2b737ca1ee4c82a6,matched,
FLUXUSDT,FLUX,1,0.098,0.098,428,true,FLUXUSDT,0.0983,zelcash,flux,Flux,0.097975,0.00025516713447305177,38789165,38789165,,,matched,
DOGSUSDT,DOGS,1,0.0000468,0.0000468,436,true,DOGSUSDT,0.0000469,dogs-2,dogs,Dogs,0.00004674,0.0012836970474967059,24157061,25711434,the-open-network,EQCvxJy4eG8hyHBFsZ7eePxrRsUQSFE_jpptRAYBmcG_DOGS,matched,
NFPUSDT,NFP,1,0.03429,0.03429,679,true,NFPUSDT,0.0343,nfprompt-token,nfp,NFPrompt,0.03436189,0.002092143359983926,18319529,34247432,binance-smart-chain,0x551897f8203bd131b350601d3ac0679ba0fc0136,matched,
MBOXUSDT,MBOX,1,0.04138,0.04138,434,true,MBOXUSDT,0.0414,mobox,mbox,Mobox,0.04134737,0.0007891674851386864,20649991,22713659,binance-smart-chain,0x3203c9e46ca618c8c1ce5dc67e7e9d75f5da2377,matched,
QUICKUSDT,QUICK,1,0.01666,0.01666,425,true,QUICKUSDT,0.01661,quick,quick,Quickswap [OLD],16.94,0.9990165289256198,12134673,16941628,ethereum,0x6c28aef8977c9b773996d0e8376d2ee379446f2f,price_too_far,
1000SATSUSDT,1000SATS,1000,0.0000208,2.08e-8,694,false,,,sats-ordinals,sats,SATS (Ordinals),2.079e-8,0.000481000481000549,43659989,43659989,ordinals,9b664bdd6f5ed80d8d88957b63364c41f3ad4efb8eee11366aa16435974d9333i0,matched,
RPLUSDT,RPL,1,2.953,2.953,422,true,RPLUSDT,2.96,rocket-pool,rpl,Rocket Pool,2.95,0.0010169491525422608,64508666,64508666,ethereum,0xd33526068d116ce69f19a9ee46f0bd304f21a51f,matched,
NEIROUSDT,NEIRO,1,0.0001594,0.0001594,415,true,NEIROUSDT,0.00015983,neiro-3,neiro,Neiro,0.00015953,0.0008148937503918636,67134398,67134398,ethereum,0x812ba41e071c7b7fa4ebcfb62df5f45f6fa853ee,matched,
FIDAUSDT,FIDA,1,0.05141,0.05141,412,true,FIDAUSDT,0.0515,bonfida,fida,Bonfida,0.051483,0.0014179437872696543,50995464,51463204,solana,EchesyfXePKdLtoiZSL8pBe8Myagyy8ZRqsACNCFGnvp,matched,
CATIUSDT,CATI,1,0.06606,0.06606,411,true,CATIUSDT,0.0661,catizen,cati,Catizen,0.065993,0.00101525919415692,13589543,65968654,the-open-network,EQD-cvR0Nz6XAyRBvbhz-abTrRC6sI5tvHvvpeQraV9UAAD7,matched,
SYSUSDT,SYS,1,0.02622,0.02622,443,true,SYSUSDT,0.02624,syscoin,sys,Syscoin,0.02615746,0.002390904927313272,22096741,22098176,,,matched,
RAREUSDT,RARE,1,0.02998,0.02998,447,true,RAREUSDT,0.03,superrare,rare,SuperRare,0.02996596,0.00046853162721968147,24548343,29953315,ethereum,0xba5bde662c17e2adff1075610382b9b691296350,matched,
RONINUSDT,RONIN,1,0.2821,0.2821,638,true,RONINUSDT,0.2823,ronin,ron,Ronin,0.282557,0.0016173727778819324,203138961,281712213,ronin,0xe514d9deb7966c8be0ca922de8a064264ea6bcd4,matched,
WIFUSDT,WIF,1,0.4333,0.4333,657,true,WIFUSDT,0.434,,,,,,,,,,cg_not_found,
1MBABYDOGEUSDT,1MBABYDOGE,1,0.000839,0.000839,415,false,,,1mbabydoge,1mbabydoge,1MBABYDOGE,0.00083823,0.0009186022929267394,0,351574689957069,,,matched,
HMSTRUSDT,HMSTR,1,0.0003457,0.0003457,405,true,HMSTRUSDT,0.000346,,,,,,,,,,cg_not_found,
GHSTUSDT,GHST,1,0.2762,0.2762,408,true,GHSTUSDT,0.276,,,,,,,,,,cg_not_found,
REIUSDT,REI,1,0.00965,0.00965,404,true,REIUSDT,0.00965,,,,,,,,,,cg_not_found,
COSUSDT,COS,1,0.00171,0.00171,401,true,COSUSDT,0.001715,,,,,,,,,,cg_not_found,
1000CATUSDT,1000CAT,1000,0.004283,0.000004283,380,false,,,,,,,,,,,,cg_not_found,
EIGENUSDT,EIGEN,1,0.7769,0.7769,400,true,EIGENUSDT,0.776,,,,,,,,,,cg_not_found,
MOODENGUSDT,MOODENG,1,0.09007,0.09007,376,false,,,moo-deng,moodeng,Moo Deng,0.09025,0.0019944598337950097,89150919,89150919,solana,ED5nyyWEzpPPiWimP8vYm7sD7TD3LAt3Q3gRTWHzPJBY,matched,
PONKEUSDT,PONKE,1,0.0497,0.0497,366,false,,,ponke,ponke,PONKE,0.04960549,0.0019052326667874672,27552127,27555206,solana,5z3EqYQo9HiCEs3R84RCDMu2n7anpDMxRhdK8PSWmrRC,matched,
BRETTUSDT,BRETT,1,0.02261,0.02261,442,false,,,based-brett,brett,Brett,0.0226216,0.0005127842416096576,224172759,224172759,binance-smart-chain,0xa7440029eca41deabd8775ef1d6086b37d4df8d6,matched,
GOATUSDT,GOAT,1,0.04553,0.04553,377,false,,,,,,,,,,,,cg_not_found,
SCRUSDT,SCR,1,0.1557,0.1557,379,true,SCRUSDT,0.156,,,,,,,,,,cg_not_found,
SAFEUSDT,SAFE,1,0.2064,0.2064,376,false,,,,,,,,,,,,cg_not_found,
COWUSDT,COW,1,0.2026,0.2026,364,true,COWUSDT,0.2028,,,,,,,,,,cg_not_found,
DRIFTUSDT,DRIFT,1,0.3467,0.3467,362,false,,,drift-protocol,drift,Drift Protocol,0.346305,0.0011406130434155853,133049869,346324133,solana,DriFtupJYLTosbwoN8koMbEYSx54aFAVLddWsbksjwg7,matched,
PNUTUSDT,PNUT,1,0.11359,0.11359,359,true,PNUTUSDT,0.1138,peanut-the-squirrel,pnut,Peanut the Squirrel,0.113682,0.0008092749951620199,113122775,113122775,solana,2qEHjDLDLbuBgRYvsxhc5D6uDWAivNFZGan56P1tpump,matched,
HIPPOUSDT,HIPPO,1,0.002325,0.002325,357,false,,,sudeng,hippo,sudeng,0.00231502,0.004310977874921042,21996895,21996895,sui,0x8993129d72e733985f7f1a00396cbd055bad6f817fee36576ce483c8bbb8b87b::sudeng::SUDENG,matched,
SWELLUSDT,SWELL,1,0.004943,0.004943,362,false,,,swell-network,swell,Swell,0.00494489,0.0003822127489185909,20745071,49383413,ethereum,0x0a6e7ba5042b38349e437ec6db6214aec7b35676,matched,
DEGENUSDT,DEGEN,1,0.001648,0.001648,355,false,,,degen-base,degen,Degen,0.00164623,0.0010751839050435824,60852100,60852100,ethereum,0xfee293840d23b0b2de8c55e1cf7a9f01c157767c,matched,
1000XUSDT,1000X,1000,0.03085,0.00003085,357,false,,,ripple,xrp,XRP,2.29,0.9999865283842795,137257368420,228321805214,,,price_too_far,
FIOUSDT,FIO,1,0.01069,0.01069,411,true,FIOUSDT,0.01068,fio-protocol,fio,FIO Protocol,0.01071202,0.002055634698217454,8840311,10712538,,,matched,
BANUSDT,BAN,1,0.06191,0.06191,352,false,,,comedian,ban,Comedian,0.061711,0.0032247087229180823,61717433,61717433,solana,9PR7nCP9DpcUotnDPVLUBUZKu5WAYkwrCUx9wDnSpump,matched,
POLUSDT,POL,1,0.16999,0.16999,418,true,POLUSDT,0.1702,polygon-ecosystem-token,pol,POL (ex-MATIC),0.170013,0.0001352837724173754,1789756486,1789756486,ethereum,0x455e53cbb86018ac2b8092fdcd39d8444affc3f6,matched,
KDAUSDT,KDA,1,0.03322,0.03322,413,true,KDAUSDT,0.0334,kadena,kda,Kadena,0.03338109,0.0048257860962599665,11276758,11283040,,,matched,
SCRTUSDT,SCRT,1,0.2255,0.2255,349,true,SCRTUSDT,0.2253,secret,scrt,Secret,0.225132,0.0016345965922214844,72922930,76306120,secret,secret1k0jntykt7e4g3y88ltc60czgjuqdy4c9e8fzek,matched,
1000CHEEMSUSDT,1000CHEEMS,1000,0.001294,0.000001294,345,false,,,cheems-token,cheems,Cheems Token,0.00000129,0.0031007751937985185,263191891,263191891,binance-smart-chain,0x0df0587216a4a1bb7d5082fdc491d93d2dd4b413,matched,
THEUSDT,THE,1,0.1759,0.1759,343,true,THEUSDT,0.1759,ethereum,eth,Ethereum,3454.78,0.9999490850358054,415969704023,415969704023,,,price_too_far,
ACTUSDT,ACT,1,0.01793,0.01793,359,true,ACTUSDT,0.0179,acet-token,act,Acet,0.03031951,0.4086316038748647,51873283,67675953,binance-smart-chain,0x9f3bcbe48e8b754f331dfc694a894e8e686ac31d,price_too_far,
MORPHOUSDT,MORPHO,1,1.6887,1.6887,343,true,MORPHOUSDT,1.692,morpho,morpho,Morpho,1.69,0.0007692307692306846,886790930,1691008763,ethereum,0x58d97b57bb95320f9a05dc918aef65434969c2b2,matched,
ACXUSDT,ACX,1,0.06285,0.06285,334,true,ACXUSDT,0.0628,across-protocol,acx,Across Protocol,0.062781,0.001099058632388774,40045896,62580728,ethereum,0x44108f0223a3c3028f5fe7aec7f9bb2e66bef82f,matched,
TONUSDT,TON,1,1.963,1.963,614,true,TONUSDT,1.965,the-open-network,ton,Toncoin,1.96,0.0015306122448980172,4875832360,10089184528,ethereum,0x582d872a1b094fc48f5de31d3b73f2d9be47def1,matched,
AKTUSDT,AKT,1,0.5784,0.5784,352,false,,,akash-network,akt,Akash Network,0.578365,0.00006051541846413121,162528243,162825576,akash,uakt,matched,
1000WHYUSDT,1000WHY,1000,0.0000231,2.31e-8,345,false,,,why,why,WHY,2.2975e-8,0.005440696409140347,9660106,9660106,binance-smart-chain,0x9ec02756a559700d8d9e79ece56809f7bcc5dc27,matched,
KAIAUSDT,KAIA,1,0.0909,0.0909,336,true,KAIAUSDT,0.0908,kaia,kaia,Kaia,0.090297,0.00667796272301397,530623065,530623082,,,matched,
GRASSUSDT,GRASS,1,0.3318,0.3318,362,false,,,grass,grass,Grass,0.331969,0.0005090836795002854,147627790,331153404,solana,Grass7B4RdKfBCjTKgSqnXkqjwiGvQyFbuSCUJr3XXjs,matched,
SANTOSUSDT,SANTOS,1,1.22,1.22,373,true,SANTOSUSDT,1.22,santos-fc-fan-token,santos,Santos FC Fan Token,1.22,0,16326228,36565297,binance-smart-chain,0xa64455a4553c9034236734faddaddbb64ace4cc7,matched,
DIAUSDT,DIA,1,0.462,0.462,399,true,DIAUSDT,0.4626,dia-data,dia,DIA,0.461198,0.0017389494316975029,55178583,77835894,ethereum,0x84ca8bc7997272c7cfb4d0cd3d55cd942b3c9419,matched,
RAYSOLUSDT,RAYSOL,1,1.4023,1.4023,330,false,,,,,,,,,,,,cg_not_found,
CETUSUSDT,CETUS,1,0.03831,0.03831,364,true,CETUSUSDT,0.0383,cetus-protocol,cetus,Cetus Protocol,0.03827198,0.00099341607097411,32872401,38265638,sui,0x06864a6f921804860930db6ddbe2e16acdf8504495ea7481637a1c8b9a8fe54b::cetus::CETUS,matched,
ORCAUSDT,ORCA,1,1.385,1.385,334,true,ORCAUSDT,1.39,orca,orca,Orca,1.39,0.003597122302158197,83418917,104000639,solana,orcaEKTdK7LKz57vaAYr9QeNsVEPfiu6QeMU1kektZE,matched,
MOVEUSDT,MOVE,1,0.05558,0.05558,331,true,MOVEUSDT,0.0556,movement,move,Movement,0.055513,0.0012069245041701514,155436593,555130691,ethereum,0x3073f7aaa4db83f95e9fff17424f71d4751a3073,matched,
VIRTUALUSDT,VIRTUAL,1,1.3983,1.3983,330,true,VIRTUALUSDT,1.3988,virtual-protocol,virtual,Virtuals Protocol,1.4,0.0012142857142855806,917831271,1398958122,ethereum,0x44ff8620b8ca30902395a7bd3f2407e1a091bf73,matched,
MEUSDT,ME,1,0.4019,0.4019,330,true,MEUSDT,0.402,magic-eden,me,Magic Eden,0.40202,0.00029849261230786774,67162184,401840741,solana,MEFNBXixkEbait3xn9bkm8WsJzXtVsaJEn4c8Sam21u,matched,
DEGOUSDT,DEGO,1,0.6605,0.6605,327,true,DEGOUSDT,0.662,dego-finance,dego,Dego Finance,0.660855,0.0005371828918597789,13856067,13856067,ethereum,0x3da932456d082cba208feb0b096d49b202bf89c8,matched,
AVAUSDT,AVA,1,0.3411,0.3411,327,true,AVAUSDT,0.3413,concierge-io,ava,AVA (Travala),0.340662,0.0012857318984800005,23828144,23828144,ethereum,0xa6c0c097741d55ecd9a3a7def3a8253fd022ceb9,matched,
VELODROMEUSDT,VELODROME,1,0.03389,0.03389,327,true,VELODROMEUSDT,0.0339,velodrome-finance,velo,Velodrome Finance,0.0338614,0.0008446195372903549,35897509,76485178,optimistic-ethereum,0x9560e827af36c94d2ac33a39bce1fe78631088db,matched,
VANAUSDT,VANA,1,2.866,2.866,324,true,VANAUSDT,2.872,vana,vana,Vana,2.86,0.0020979020979021777,88118138,343317421,ethereum,0x7ff7fa94b8b66ef313f7970d4eebd2cb3103a2c0,matched,
MOCAUSDT,MOCA,1,0.04478,0.04478,324,false,,,mocaverse,moca,Moca Network,0.04478527,0.00011767261869810458,177022396,398091289,ethereum,0xf944e35f95e819e752f3ccb5faf40957d311e8c5,matched,
KOMAUSDT,KOMA,1,0.01669,0.01669,330,false,,,koma-inu,koma,Koma Inu,0.01665839,0.0018975423195159533,10095219,10095219,binance-smart-chain,0xd5eaaac47bd1993d661bc087e15dfb079a7f3c19,matched,
LUMIAUSDT,LUMIA,1,0.1338,0.1338,322,true,LUMIAUSDT,0.133,lumia,lumia,Lumia,0.133342,0.0034347767395120367,10042308,31856285,,,matched,
USUALUSDT,USUAL,1,0.03191,0.03191,322,true,USUALUSDT,0.032,usual,usual,Usual,0.03196378,0.0016825294129792013,33519270,47796269,ethereum,0xc4441c2be5d8fa8126822b9929ca0b81ea0de38e,matched,
CGPTUSDT,CGPT,1,0.04312,0.04312,319,true,CGPTUSDT,0.0431,chaingpt,cgpt,ChainGPT,0.04310922,0.0002500625156289513,37322032,42994897,ethereum,0x25931894a86d47441213199621f1f2994e1c39aa,matched,
KMNOUSDT,KMNO,1,0.06297,0.06297,319,true,KMNOUSDT,0.06305,kamino,kmno,Kamino,0.062997,0.0004285918377065455,199873565,629724406,solana,KMNo3nJsBXfcpJTVhZcXLW7RmTwTt4GVFE7suUBo9sS,matched,
AIXBTUSDT,AIXBT,1,0.06403,0.06403,320,true,AIXBTUSDT,0.0641,aixbt,aixbt,aixbt,0.064014,0.0002499453244603075,63672240,64014176,ethereum,0x0d37af9d8ae74f35f3a38bd2a08fcb29890ca6d2,matched,
DEXEUSDT,DEXE,1,6.19,6.19,316,true,DEXEUSDT,6.197,dexe,dexe,DeXe,6.19,0,352594901,595880568,ethereum,0xde4ee8057785a7e8e800db58f9784845a5c2cbd6,matched,
DFUSDT,DF,1,0.01637,0.01637,310,true,DFUSDT,0.01638,dforce-token,df,dForce,0.01634261,0.0016759868833679972,16318539,16318539,ethereum,0x431ad2ff6a9c365805ebad47ee021148d6f7dbe0,matched,
PHAUSDT,PHA,1,0.05185,0.05185,310,true,PHAUSDT,0.0519,pha,pha,PHALA,0.051816,0.0006561679790026113,42247049,51715400,ethereum,0x6c5ba91642f10282b576d91922ae6448c9d52f4e,matched,
HIVEUSDT,HIVE,1,0.11104,0.11104,317,true,HIVEUSDT,0.1111,hive,hive,Hive,0.111008,0.00028826751225140756,55116500,,,,matched,
PENGUUSDT,PENGU,1,0.01543,0.01543,323,true,PENGUUSDT,0.015443,pudgy-penguins,pengu,Pudgy Penguins,0.01542384,0.00039938173632505565,967571292,1226704819,ethereum,0x6418c0dd099a9fda397c766304cdd918233e8847,matched,
BIOUSDT,BIO,1,0.07667,0.07667,306,true,BIOUSDT,0.0768,bio-protocol,bio,Bio Protocol,0.076616,0.0007048136159548723,135849383,254850111,ethereum,0xcb1592591996765ec0efc1f92599a19767ee5ffa,matched,
ALCHUSDT,ALCH,1,0.09138,0.09138,302,false,,,alchemist-ai,alch,Alchemist AI,0.091543,0.0017805839878526648,77804403,91530440,solana,HNg5PYJmtqcmzXrv6S9zP1CDKk5BgDuyFBxbvNApump,matched,
AEROUSDT,AERO,1,0.9182,0.9182,336,false,,,,,,,,,,,,cg_not_found,
AI16ZUSDT,AI16Z,1,0.06574,0.06574,307,false,,,ai16z,ai16z,ai16z,0.065198,0.008313138439829454,69589227,69589227,solana,HeLp6NuQkmYB4pYWo2zYs22mESHXPQYzXbB8n4V98jwC,matched,
SONICUSDT,SONIC,1,0.1164,0.1164,301,false,,,sonic-svm,sonic,Sonic SVM,0.11659,0.0016296423363924499,41941183,279607889,solana,SonicxvLud67EceaEzCLRnMTBqzYUUYNr93DBkBdDES,matched,
ZEREBROUSDT,ZEREBRO,1,0.04787,0.04787,307,false,,,zerebro,zerebro,Zerebro,0.04773478,0.002832735376595542,47737283,47737283,solana,8x5VqbHA8D7NkD52uNuS5nnt3PwA8pLD34ymskeSo2Wn,matched,
DUSDT,D,1,0.01795,0.01795,300,true,DUSDT,0.01798,tether,usdt,Tether,0.999988,0.9820497845974151,183452208279,183452208279,ethereum,0xdac17f958d2ee523a2206206994597c13d831ec7,price_too_far,
GRIFFAINUSDT,GRIFFAIN,1,0.01832,0.01832,307,false,,,,,,,,,,,,cg_not_found,
FARTCOINUSDT,FARTCOIN,1,0.2785,0.2785,319,false,,,fartcoin,fartcoin,Fartcoin,0.277765,0.002646121721599342,277769536,277769536,solana,9BB6NFEcjBCtnNLFko2FqVQBq8HHM13kCyYcdQbgpump,matched,
TRUMPUSDT,TRUMP,1,7.7,7.7,291,true,TRUMPUSDT,7.701,official-trump,trump,Official Trump,7.71,0.0012970168612191683,1530134576,7650673909,solana,6p6xgHyF7AeE6TZkSmFsko444wqoP15icUSqi2jfGiPN,matched,
SWARMSUSDT,SWARMS,1,0.01635,0.01635,302,false,,,,,,,,,,,,cg_not_found,
1000000MOGUSDT,1000000MOG,1000000,0.3675,3.675e-7,363,false,,,mog-coin,mog,Mog Coin,3.66707e-7,0.00216248939889332,143455821,143455821,ethereum,0xaaee1a9723aadb7afa2810263653a34ba2c21c7a,matched,
MELANIAUSDT,MELANIA,1,0.0998,0.0998,289,false,,,melania-meme,melania,Melania Meme,0.099379,0.0042363074693849275,83140458,99569473,solana,FUAfBo2jgks6gB4Z4LfZkqSZgzNucisEHqnNebaRxM1P,matched,
ANIMEUSDT,ANIME,1,0.00721,0.00721,286,true,ANIMEUSDT,0.00721,anime,anime,Animecoin,0.00719562,0.001998437938634957,39753544,71775377,ethereum,0x4dc26fc5854e7648a064a4abd590bbe71724c277,matched,
SUSDT,S,1,0.1273,0.1273,293,true,SUSDT,0.1273,,,,,,,,,,cg_not_found,
AVAAIUSDT,AVAAI,1,0.0139,0.0139,292,false,,,,,,,,,,,,cg_not_found,
ARCUSDT,ARC,1,0.02841,0.02841,292,false,,,,,,,,,,,,cg_not_found,
LAYERUSDT,LAYER,1,0.2118,0.2118,267,true,LAYERUSDT,0.2121,solayer,layer,Solayer,0.211653,0.0006945330328413983,44392087,211390890,solana,LAYER4xPpTCb3QL8S9u41EAhAX7mhBn8Q6xMTwY2Yzc,matched,
BERAUSDT,BERA,1,1.531,1.531,272,true,BERAUSDT,1.535,berachain-bera,bera,Berachain,1.53,0.000653594771241758,200015006,785522811,,,matched,
B3USDT,B3,1,0.002004,0.002004,265,false,,,b3,b3,B3 (Base),0.00199969,0.0021553340767818964,60299801,199025118,base,0xb3b32f9f8827d4634fe7d973fa1034ec9fddb3b3,matched,
HEIUSDT,HEI,1,0.216,0.216,265,true,HEIUSDT,0.2161,heima,hei,Heima,0.215658,0.0015858442534012601,17199912,21551697,ethereum,0xf8f173e20e15f3b6cb686fb64724d370689de083,matched,
IPUSDT,IP,1,3.614,3.614,265,false,,,story-2,ip,Story,3.61,0.0011080332409972309,1164310065,3668849754,,,matched,
SHELLUSDT,SHELL,1,0.1058,0.1058,261,true,SHELLUSDT,0.106,myshell,shell,MyShell,0.105961,0.00151942695897542,28577923,105844158,ethereum,0xf2c88757f8d03634671208935974b60a2a28bdb3,matched,
KAITOUSDT,KAITO,1,0.8743,0.8743,258,true,KAITOUSDT,0.8751,kaito,kaito,KAITO,0.873723,0.0006603923669171335,210494223,872012892,base,0x98d0baa52b2d063e780de12f615f963fe8537553,matched,
REDUSDT,RED,1,0.2992,0.2992,244,true,REDUSDT,0.2999,redstone-oracles,red,RedStone,0.299112,0.000294204177699432,83654513,298766117,ethereum,0xc43c6bfeda065fe2c4c11765bf838789bd0bb5de,matched,
VICUSDT,VIC,1,0.1221,0.1221,238,true,VICUSDT,0.1223,tomochain,vic,Viction,0.122211,0.000908265213442325,15059256,25673809,,,matched,
GPSUSDT,GPS,1,0.006114,0.006114,261,true,GPSUSDT,0.00611,goplus-security,gps,GoPlus Security,0.0060996,0.0023608105449536825,19263502,61057059,binance-smart-chain,0x9a4a67721573f2c9209dfff972c52be4e3f6642e,matched,
CHILLGUYUSDT,CHILLGUY,1,0.02274,0.02274,343,false,,,chill-guy,chillguy,Just a chill guy,0.02267015,0.0030811441477008213,22669050,22669050,solana,Df6yfrKC8kZE3KNkrHERKzAetSxbrWeniQfyJY4Jpump,matched,
BMTUSDT,BMT,1,0.0328,0.0328,233,true,BMTUSDT,0.0328,bubblemaps,bmt,Bubblemaps,0.03279508,0.0001500225033756733,8401262,32794256,binance-smart-chain,0x7d814b9ed370ec0a502edc3267393bf62d891b62,matched,
PROMUSDT,PROM,1,10.296,10.296,294,true,PROMUSDT,10.305,prometeus,prom,Prom,10.31,0.001357904946653843,188013160,198315251,ethereum,0xfc82bb4ba86045af6f327323a46e80412b91b27d,matched,
EPICUSDT,EPIC,1,0.7221,0.7221,237,true,EPICUSDT,0.723,epic-chain,epic,Epic Chain,0.722877,0.0010748716586639604,21624001,21624001,ethereum,0x94314a14df63779c99c0764a30e0cd22fa78fc0e,matched,
SPXUSDT,SPX,1,0.7243,0.7243,330,false,,,spx6900,spx,SPX6900,0.724502,0.000278812204797122,673771625,673771625,ethereum,0xe0f63a424a4439cbe457d80e4f4b51ad25b2c56c,matched,
FORMUSDT,FORM,1,0.4669,0.4669,231,true,FORMUSDT,0.4674,four,form,Four,0.465736,0.0024992699726883866,177334842,265770551,binance-smart-chain,0x5b73a93b4e5e4f1fd27d8b3f8c97d69908b5e284,matched,
BIDUSDT,BID,1,0.05429,0.05429,230,false,,,creatorbid,bid,CreatorBid,0.054153,0.0025298690746588044,14696248,54168620,binance-smart-chain,0xa1832f7f4e534ae557f9b5ab76de54b1873e498b,matched,
BROCCOLIF3BUSDT,BROCCOLIF3B,1,0.008956,0.008956,229,false,,,,,,,,,,,,cg_not_found,
TUTUSDT,TUT,1,0.01815,0.01815,230,true,TUTUSDT,0.01816,tutorial,tut,Tutorial,0.01814009,0.0005463037945235327,15175974,15175974,binance-smart-chain,0xcaae2a2f939f51d97cdfa9a86e79e3f085b799f3,matched,
BROCCOLI714USDT,BROCCOLI714,1,0.01767,0.01767,229,true,BROCCOLI714USDT,0.01769,,,,,,,,,,cg_not_found,
SIRENUSDT,SIREN,1,0.07783,0.07783,228,false,,,siren-2,siren,Siren,0.077731,0.0012736231362005103,56799415,56799415,binance-smart-chain,0x997a58129890bbda032231a52ed1ddc845fc18e1,matched,
PLUMEUSDT,PLUME,1,0.05405,0.05405,229,true,PLUMEUSDT,0.05411,plume,plume,Plume,0.054132,0.0015148156358530767,169592155,540823476,ethereum,0x4c1746a800d224393fe2470c70a35717ed4ea5f1,matched,
SOLVUSDT,SOLV,1,0.01761,0.01761,292,true,SOLVUSDT,0.01761,solv-protocol,solv,Solv Protocol,0.01759855,0.0006506217841810635,26061531,147657397,binance-smart-chain,0xabe8e5cabe24cb36df9540088fd7ce1175b9bc52,matched,
COOKIEUSDT,COOKIE,1,0.068,0.068,302,true,COOKIEUSDT,0.0681,cookie,cookie,Cookie DAO,0.06799,0.00014708045300794236,42680941,67993132,ethereum,0xc0041ef357b183448b235a8ea73ce4e4ec8c265f,matched,
BRUSDT,BR,1,0.08175,0.08175,229,false,,,binance-bridged-usdt-bnb-smart-chain,bsc-usd,Binance Bridged USDT (BNB Smart Chain),0.999649,0.9182212956747818,8987283642,8987283642,binance-smart-chain,0x55d398326f99059ff775485246999027b3197955,price_too_far,
VTHOUSDT,VTHO,1,0.001041,0.001041,287,true,VTHOUSDT,0.001043,vethor-token,vtho,VeThor,0.00104227,0.0012184942481315273,99820313,99836659,,,matched,
NILUSDT,NIL,1,0.1781,0.1781,226,true,NILUSDT,0.1784,nillion,nil,Nillion,0.179182,0.0060385529796519715,48663394,179498904,,,matched,
VINEUSDT,VINE,1,0.04064,0.04064,285,false,,,vine,vine,Vine,0.04057116,0.0016967717955316181,40587890,40587890,solana,6AJcP7wuLwmRYLBNbi825wgguaPsWzPBEHcHndpRpump,matched,
MAVIAUSDT,MAVIA,1,0.10856,0.10856,224,false,,,heroes-of-mavia,mavia,Heroes of Mavia,0.108281,0.002576629325551126,5691119,27562996,ethereum,0x24fcfc492c1393274b6bcd568ac9e225bec93584,matched,
PAXGUSDT,PAXG,1,3977.35,3977.35,223,true,PAXGUSDT,3980.4,pax-gold,paxg,PAX Gold,3979.37,0.0005076180400415095,1325199149,1325199149,ethereum,0x45804880de22913dafe09f4980848ece6ecbaf78,matched,
PARTIUSDT,PARTI,1,0.05652,0.05652,225,true,PARTIUSDT,0.0566,particle-network,parti,Particle Network,0.056535,0.0002653223666755306,13149793,56436878,binance-smart-chain,0x59264f02d301281f3393e1385c0aefd446eb0f00,matched,
FUNUSDT,FUN,1,0.002187,0.002187,219,true,FUNUSDT,0.002189,funfair,fun,FUNToken,0.00218135,0.002590139134022634,23096816,23970653,ethereum,0x419d0d8bdd9af5e606ae2232ed285aff190e711b,matched,
JELLYJELLYUSDT,JELLYJELLY,1,0.20964,0.20964,224,false,,,jelly-my-jelly,jellyjelly,Jelly-My-Jelly,0.205705,0.019129335699180836,206049547,206049547,solana,FeR8VBqNRSUD5NtXAj2n3j1dAHkZHfyDktKuLXD4pump,matched,
FORTHUSDT,FORTH,1,2.046,2.046,211,true,FORTHUSDT,2.047,ampleforth-governance-token,forth,Ampleforth Governance,2.04,0.002941176470588129,23484715,31230957,ethereum,0x77fba179c79de5b7653f68b5039af940ada60ce0,matched,
ATHUSDT,ATH,1,0.02444,0.02444,217,false,,,aethir,ath,Aethir,0.0244479,0.0003231361384823095,347709721,1025927889,ethereum,0xbe0ed4138121ecfc5c0e56b40517da27e6c5226b,matched,
PROMPTUSDT,PROMPT,1,0.06036,0.06036,208,false,,,wayfinder,prompt,Wayfinder,0.06036,0,13497453,60283316,ethereum,0x28d38df637db75533bd3f71426f3410a82041544,matched,
BABYUSDT,BABY,1,0.02349,0.02349,214,true,BABYUSDT,0.0235,babylon,baby,Babylon,0.02348346,0.00027849388463196327,67117943,245308446,,,matched,
STOUSDT,STO,1,0.17092,0.17092,207,true,STOUSDT,0.1713,stakestone,sto,StakeStone,0.171028,0.0006314755478636524,38536797,171021288,ethereum,0x1d88713b483a8e45cff0e5cd7c2e15e5fab4534d,matched,
XCNUSDT,XCN,1,0.00657,0.00657,208,false,,,chain-2,xcn,Onyxcoin,0.00657598,0.0009093701623180191,237079825,318729368,ethereum,0xa2cd3d43c775978a96bdbf12d733d5a1ed94fb18,matched,
KERNELUSDT,KERNEL,1,0.1046,0.1046,205,true,KERNELUSDT,0.1049,kernel-2,kernel,KernelDAO,0.104767,0.0015940133820764217,24804528,104766873,ethereum,0x3f80b1c54ae920be41a77f8b902259d48cf24ccf,matched,
WCTUSDT,WCT,1,0.1174,0.1174,204,true,WCTUSDT,0.118,connect-token-wct,wct,WalletConnect Token,0.117442,0.00035762333747722596,21905152,117643038,ethereum,0xef4461891dfb3ac8572ccf7c794664a8dd927945,matched,
GUNUSDT,GUN,1,0.01327,0.01327,219,true,GUNUSDT,0.01327,gunz,gun,Gunz,0.01326046,0.0007194320559015743,17117078,132476576,solana,3jUf2RTyXp867piSB2dt8uUcNiLDW58asjGtXkRAkBbe,matched,
MUBARAKUSDT,MUBARAK,1,0.01851,0.01851,233,true,MUBARAKUSDT,0.01855,mubarak,mubarak,Mubarak,0.01844629,0.0034538110373412796,18471212,18471212,binance-smart-chain,0x5c85d6c6825ab4032337f11ee92a72df936b46f6,matched,
VVVUSDT,VVV,1,1.346,1.346,280,false,,,venice-token,vvv,Venice Token,1.35,0.0029629629629629654,53881070,103061267,base,0xacfe6019ed1a7dc6f7b508c02d1b04ec88cc21bf,matched,
BANKUSDT,BANK,1,0.09168,0.09168,201,false,,,lorenzo-protocol,bank,Lorenzo Protocol,0.091514,0.0018139301090543468,38869593,38869593,binance-smart-chain,0x3aee7602b612de36088f3ffed8c8f10e86ebf2bf,matched,
DEEPUSDT,DEEP,1,0.06405,0.06405,197,false,,,deep,deep,DeepBook,0.06405,0,160009938,640039750,sui,0xdeeb7a4662eec9f2f3def03fb937a663dddaa2e215b8078a284d026b7946c270::deep::DEEP,matched,
TSTUSDT,TST,1,0.0182,0.0182,269,true,TSTUSDT,0.01817,,,,,,,,,,cg_not_found,
BANANAS31USDT,BANANAS31,1,0.002489,0.002489,228,true,BANANAS31USDT,0.002492,,,,,,,,,,cg_not_found,
EPTUSDT,EPT,1,0.003421,0.003421,198,false,,,balance,ept,Balance,0.00341757,0.0010036370871701276,7884673,34035786,binance-smart-chain,0x3dc8e2d80b6215a1bccae4d38715c3520581e77c,matched,
HYPERUSDT,HYPER,1,0.1615,0.1615,197,true,HYPERUSDT,0.1619,hyperlane,hyper,Hyperlane,0.162207,0.004358628172643508,33192431,129834523,ethereum,0x93a2db22b7c736b341c32ff666307f4a9ed910f5,matched,
INITUSDT,INIT,1,0.121,0.121,203,true,INITUSDT,0.1213,initia,init,Initia,0.121037,0.0003056916480085366,20956147,120899464,initia,uinit,matched,
SIGNUSDT,SIGN,1,0.03809,0.03809,191,true,SIGNUSDT,0.03849,sign-global,sign,Sign,0.0384618,0.009666734266206952,51925810,384635633,ethereum,0x868fced65edbf0056c4163515dd840e9f287a4c3,matched,
AIOTUSDT,AIOT,1,0.5482,0.5482,189,false,,,okzoo,aiot,OKZOO,0.549538,0.0024347724816117366,61802479,549274002,binance-smart-chain,0x55ad16bd573b3365f43a9daeb0cc66a73821b4a5,matched,
JSTUSDT,JST,1,0.03477,0.03477,191,true,JSTUSDT,0.03482,just,jst,JUST,0.03481566,0.0013114788000571002,344595199,344595199,tron,TCFLL5dx5ZJdKnWuesXxi1VPwjLVmWZZy9,matched,
MLNUSDT,MLN,1,6.532,6.532,219,true,MLNUSDT,6.54,,,,,,,,,,cg_not_found,
HAEDALUSDT,HAEDAL,1,0.06775,0.06775,188,true,HAEDALUSDT,0.0678,haedal,haedal,Haedal Protocol,0.067726,0.0003543690753921703,13188218,67631886,binance-smart-chain,0x3d9be0ac1001cd81c32464276d863d2ffdca4967,matched,
SXTUSDT,SXT,1,0.04634,0.04634,187,true,SXTUSDT,0.0463,space-and-time,sxt,Space and Time,0.04627198,0.001470004093189917,0,230819093,ethereum,0xe6bfd33f52d82ccb5b37e16d3dd81f9ffdabb195,matched,
ASRUSDT,ASR,1,1.464,1.464,183,true,ASRUSDT,1.462,as-roma-fan-token,asr,AS Roma Fan Token,1.46,0.002739726027397263,11670272,14618690,chiliz,0xa6610b3361c4c0d206aa3364cd985016c2d89386,matched,
PIPPINUSDT,PIPPIN,1,0.03214,0.03214,285,false,,,pippin,pippin,pippin,0.0319335,0.006466563326913909,31967915,31967915,solana,Dfh5DzRgSvvCFDoYc2ciTkMrbDfRKybA4SoFbPmApump,matched,
ALPINEUSDT,ALPINE,1,0.7089,0.7089,183,true,ALPINEUSDT,0.71,alpine-f1-team-fan-token,alpine,Alpine F1 Team Fan Token,0.709561,0.0009315619094059886,8059356,28378014,binance-smart-chain,0x287880ea252b52b63cc5f40a2d3e5a44aa665a76,matched,
PUNDIXUSDT,PUNDIX,1,0.2724,0.2724,189,true,PUNDIXUSDT,0.2726,pundi-x-2,pundix,Pundi X,0.272071,0.001209243175494515,70317320,70317320,ethereum,0x0fd10b9899882a6f2fcb5c371e17e70fdee00c38,matched,
B2USDT,B2,1,0.9894,0.9894,183,false,,,bsquared-network,b2,BSquared Network,0.9884,0.0010117361392148938,40958483,207030937,binance-smart-chain,0x783c3f003f172c6ac5ac700218a357d2d66ee2a2,matched,
SYRUPUSDT,SYRUP,1,0.38497,0.38497,182,true,SYRUPUSDT,0.3853,syrup,syrup,Maple Finance,0.384302,0.001738216298640137,437785029,467569702,ethereum,0x643c4e15d7d62ad0abec4a9bd4b001aa3ef52d66,matched,
OBOLUSDT,OBOL,1,0.08075,0.08075,182,false,,,obol-2,obol,Obol,0.080579,0.0021221410044801312,10278299,40284938,ethereum,0x0b010000b7624eb9b3dfbc279673c76e9d29d5f7,matched,
FHEUSDT,FHE,1,0.03665,0.03665,207,false,,,mind-network,fhe,Mind Network,0.03644749,0.005556212512850761,9118474,36620379,ethereum,0xd55c9fb62e176a8eb6968f32958fefdd0962727e,matched,
DOODUSDT,DOOD,1,0.006309,0.006309,180,false,,,doodles,dood,Doodles,0.00632723,0.002881197617282648,49352393,63272298,binance-smart-chain,0x722294f6c97102fb0ddb5b907c8d16bdeab3f6d9,matched,
FISUSDT,FIS,1,0.05756,0.05756,194,true,FISUSDT,0.0577,stafi,fis,Stafi,0.057529,0.000538858662587621,8902774,8902774,ethereum,0xef3a930e1ffffacd2fc13434ac81bd278b0ecc8d,matched,
CTKUSDT,CTK,1,0.2811,0.2811,189,true,CTKUSDT,0.2818,certik,ctk,Shentu,0.28171,0.0021653473430123154,42083596,42859326,osmosis,ibc/7ED954CFFFC06EE8419387F3FC688837FF64EF264DE14219935F724EEEDBF8D3,matched,
ZKJUSDT,ZKJ,1,0.05878,0.05878,176,false,,,polyhedra-network,zkj,Polyhedra Network,0.059269,0.008250518820968859,22906210,59338243,ethereum,0xc71b5f631354be6853efe9c3ab6b9590f8302e81,matched,
MILKUSDT,MILK,1,0.02948,0.02948,183,false,,,milkyway-2,milk,MilkyWay,0.02939396,0.002927131968608484,7653570,35324170,binance-smart-chain,0x7b4bf9feccff207ef2cb7101ceb15b8516021acd,matched,
BUSDT,B,1,0.1613,0.1613,167,false,,,bitcoin,btc,Bitcoin,104210,0.9999984521638997,2075082079022,2075082079022,,,price_too_far,
NXPCUSDT,NXPC,1,0.3234,0.3234,174,true,NXPCUSDT,0.3243,nexpace,nxpc,Nexpace,0.32385,0.0013895321908291057,70822813,323948035,avalanche,0x5e0e90e268bc247cc850c789a0db0d5c7621fb59,matched,
HUMAUSDT,HUMA,1,0.019202,0.019202,163,true,HUMAUSDT,0.01928,huma-finance,huma,Huma Finance,0.01915023,0.0027033617872996613,33174322,191390319,binance-smart-chain,0x92516e0ddf1ddbf7fab1b79cac26689fdc5ba8e6,matched,
CVCUSDT,CVC,1,0.05139,0.05139,173,true,CVCUSDT,0.0515,civic,cvc,Civic,0.051476,0.0016706814826327363,41260277,51446728,ethereum,0x41e5560054824ea6b0732e656e3ad64e20e94e45,matched,
AGTUSDT,AGT,1,0.003698,0.003698,169,false,,,avatago,agt,AVATAGO,,,,,binance-smart-chain,0x49074051ad996828504d7f719fc5769ac942220d,cg_not_found,
AUSDT,A,1,0.2534,0.2534,161,true,AUSDT,0.2538,solana,sol,Solana,163.27,0.9984479696208735,90027391485,99908226260,,,price_too_far,
OGUSDT,OG,1,13.833,13.833,177,true,OGUSDT,13.867,og-fan-token,og,OG Fan Token,13.87,0.002667627974044631,60856959,69313386,chiliz,0x19ca0f4adb29e2130a56b9c9422150b5dc07f294,matched,
MERLUSDT,MERL,1,0.32149,0.32149,160,false,,,merlin-chain,merl,Merlin Chain,0.320001,0.0046531104590298725,336915712,672564756,ethereum,0xa0c56a8c0692bd10b3fa8f8ba79cf5332b7107f9,matched,
HYPEUSDT,HYPE,1,41.82,41.82,159,false,,,hyperliquid,hype,Hyperliquid,41.7,0.002877697841726557,11294574673,41705463502,hyperliquid,0x0d01dc56dcaaca66ad901c959b4011ec,matched,
PUFFERUSDT,PUFFER,1,0.08039,0.08039,154,false,,,puffer-finance,puffer,Puffer,0.080289,0.0012579556352676439,24206390,80247840,ethereum,0x4d1c297d39c5c1277964d0e3f8aa901493664530,matched,
1000000BOBUSDT,1000000BOB,1000000,0.02787,2.7869999999999997e-8,153,false,,,build-on-bnb,bob,Build On BNB,2.761e-8,0.00941687794277425,11614140,11614140,binance-smart-chain,0x51363f073b1e4920fda7aa9e9d84ba97ede1560e,matched,
PORT3USDT,PORT3,1,0.03944,0.03944,154,false,,,port3-network,port3,Port3 Network,0.03914518,0.007531450870835213,19586707,39185388,ethereum,0xb4357054c3da8d46ed642383f03139ac7f090343,matched,
BDXNUSDT,BDXN,1,0.06755,0.06755,155,false,,,bondex,bdxn,Bondex,0.067225,0.004834510970621136,10757154,67232215,ethereum,0xbdbdbdd0c22888e63cb9098ad6d68439197cb091,matched,
AWEUSDT,AWE,1,0.06438,0.06438,168,true,AWEUSDT,0.06445,stp-network,awe,AWE Network,0.064359,0.00032629469071935745,124979848,124979848,base,0x1b4617734c43f6159f3a70b7e06d883647512778,matched,
SKATEUSDT,SKATE,1,0.03075,0.03075,149,false,,,skate,skate,Skate,0.03058629,0.0053523980842397345,6552273,30587518,ethereum,0x61dbbbb552dc893ab3aad09f289f811e67cef285,matched,
LAUSDT,LA,1,0.3603,0.3603,153,true,LAUSDT,0.3617,solana,sol,Solana,163.27,0.9977932259447542,90027391485,99908226260,,,price_too_far,
RESOLVUSDT,RESOLV,1,0.0518,0.0518,148,true,RESOLVUSDT,0.052,resolv,resolv,Resolv,0.051831,0.0005980976635604801,16851855,51880566,ethereum,0x259338656198ec7a76c729514d3cb45dfbf768a1,matched,
SQDUSDT,SQD,1,0.07548,0.07548,147,false,,,subsquid,sqd,SQD,0.075322,0.0020976607100183925,65850344,100743095,binance-smart-chain,0xe50e3d1a46070444f44df911359033f2937fcc13,matched,
PUMPBTCUSDT,PUMPBTC,1,0.04045,0.04045,145,false,,,pumpbtc,pumpbtc,pumpBTC,104564,0.9999996131555794,84123869,84123869,ethereum,0xf469fbd2abcd6b9de8e169d128226c0fc90a012e,price_too_far,
TAIKOUSDT,TAIKO,1,0.2184,0.2184,147,false,,,taiko,taiko,Taiko,0.21828,0.000549752611324945,40871620,218264866,ethereum,0x10dea67478c5f8c5e2d90e5e9b26dbe60c54d800,matched,
SPKUSDT,SPK,1,0.0322,0.0322,141,true,SPKUSDT,0.032263,spark-2,spk,Spark,0.0321082,0.002859082726530794,61867381,321169015,ethereum,0xc20059e0317de91738d13af027dfc4a50781b066,matched,
HOMEUSDT,HOME,1,0.022205,0.022205,148,true,HOMEUSDT,0.02221,home,home,HOME,0.02220319,0.00008151981764773099,61454844,222020653,binance-smart-chain,0x4bfaa776991e85e5f8b1255461cbbd216cfc714f,matched,
MYXUSDT,MYX,1,2.037,2.037,140,false,,,myx-finance,myx,MYX Finance,2.01,0.013432835820895592,386883139,2028019548,binance-smart-chain,0xd82544bf0dfe8385ef8fa34d67e6e4940cc63e16,matched,
HUSDT,H,1,0.24974,0.24974,133,false,,,ethereum,eth,Ethereum,3454.78,0.9999277117500969,415969704023,415969704023,,,price_too_far,
OLUSDT,OL,1,0.02344,0.02344,133,false,,,solana,sol,Solana,163.27,0.9998564341275189,90027391485,99908226260,,,price_too_far,
DMCUSDT,DMC,1,0.002343,0.002343,134,false,,,delorean,dmc,DeLorean,0.00233306,0.004260499087035888,9761308,29828825,sui,0x4c981f3ff786cdb9e514da897ab8a953647dae2ace9679e8358eec1e3e8871ac::dmc::DMC,matched,
SAHARAUSDT,SAHARA,1,0.07692,0.07692,132,true,SAHARAUSDT,0.07694,sahara-ai,sahara,Sahara AI,0.076824,0.0012496094970321627,182784625,768944960,ethereum,0xfdffb411c4a70aa7c95d5c981a6fb4da867e1111,matched,
BULLAUSDT,BULLA,1,0.0413,0.0413,124,false,,,bulla-3,bulla,BULLA,0.04088195,0.010225784239744023,11454960,40910570,binance-smart-chain,0x595e21b20e78674f8a64c1566a20b2b316bc3511,matched,
MUSDT,M,1,2.4644,2.4644,121,false,,,memecore,m,MemeCore,2.46,0.0017886178861788453,4177396503,13031563422,binance-smart-chain,0x22b1458e780f8fa71e2f84502cee8b5a3cc731fa,matched,
ICNTUSDT,ICNT,1,0.3218,0.3218,125,false,,,,,,,,,,,,cg_not_found,
FUSDT,F,1,0.011564,0.011564,140,true,FUSDT,0.01157,,,,,,,,,,cg_not_found,
AINUSDT,AIN,1,0.12999,0.12999,118,false,,,chainlink,link,Chainlink,15.31,0.9915094709340301,10647699908,15279759431,ethereum,0x514910771af9ca656af840dff83e8264ecf986ca,price_too_far,
CROSSUSDT,CROSS,1,0.12272,0.12272,118,false,,,cross-2,cross,Cross,0.122601,0.0009706282983009446,40950034,120352493,binance-smart-chain,0x6bf62ca91e397b5a7d1d6bce97d9092065d7a510,matched,
TANSSIUSDT,TANSSI,1,0.02289,0.02289,119,false,,,,,,,,,,,,cg_not_found,
CUSDT,C,1,0.08932,0.08932,113,true,CUSDT,0.0894,bitcoin,btc,Bitcoin,104210,0.99999914288456,2075082079022,2075082079022,,,price_too_far,
TACUSDT,TAC,1,0.004961,0.004961,113,false,,,tac,tac,TAC,0.00492385,0.007544908963514435,12801114,49386596,binance-smart-chain,0x1219c409fabe2c27bd0d1a565daeed9bd9f271de,matched,
TAUSDT,TA,1,0.04002,0.04002,107,false,,,staked-ether,steth,Lido Staked Ether,3451.36,0.9999884045709517,29886167911,29886167911,ethereum,0xae7ab96520de3a18e5e111b5eaab095312d7fe84,price_too_far,
VELVETUSDT,VELVET,1,0.20821,0.20821,113,false,,,,,,,,,,,,cg_not_found,
SLPUSDT,SLP,1,0.001018,0.001018,105,true,SLPUSDT,0.001022,smooth-love-potion,slp,Smooth Love Potion,0.00101934,0.001314576098259722,36746531,36746531,ethereum,0xcc8fa225d80b9c7d42f96e9570156c65d6caaa25,matched,
CVXUSDT,CVX,1,1.97,1.97,105,true,CVXUSDT,1.976,,,,,,,,,,cg_not_found,
TAGUSDT,TAG,1,0.0004557,0.0004557,103,false,,,tagger,tag,TAGGER,0.00045319,0.005538515854277459,49354687,183782468,binance-smart-chain,0x208bf3e7da9639f1eaefa2de78c23396b0682025,matched,
ZORAUSDT,ZORA,1,0.06865,0.06865,103,false,,,,,,,,,,,,cg_not_found,
ZRCUSDT,ZRC,1,0.01285,0.01285,99,false,,,zircuit,zrc,Zircuit,0.01284286,0.0005559509330476985,28183532,128403258,ethereum,0xfd418e42783382e86ae91e445406600ba144d162,matched,
ESPORTSUSDT,ESPORTS,1,0.23071,0.23071,99,false,,,,,,,,,,,,cg_not_found,
A2ZUSDT,A2Z,1,0.003754,0.003754,98,true,A2ZUSDT,0.003759,,,,,,,,,,cg_not_found,
PLAYUSDT,PLAY,1,0.02137,0.02137,97,false,,,play-3,play,Play,1.17,0.9817350427350426,11741869,11741869,polygon-pos,0x1cca311b786dd7906c07414095fa719eabfd070f,price_too_far,
NAORISUSDT,NAORIS,1,0.03354,0.03354,97,false,,,naoris,naoris,Naoris Protocol,0.03319438,0.010412003477697064,19892107,132777807,ethereum,0x1b379a79c91a540b2bcd612b4d713f31de1b80cc,matched,
WALUSDT,WAL,1,0.222,0.222,223,true,WALUSDT,0.2227,,,,,,,,,,cg_not_found,
PROVEUSDT,PROVE,1,0.5897,0.5897,92,true,PROVEUSDT,0.5907,succinct,prove,Succinct,0.589891,0.0003237886321372122,115018072,589836265,ethereum,0x6bef15d938d4e72056ac92ea4bdd0d76b1c4ad29,matched,
SKYAIUSDT,SKYAI,1,0.01641,0.01641,176,false,,,skyai,skyai,SkyAI,0.01633195,0.004778976178594695,16360688,16360688,binance-smart-chain,0x92aa03137385f18539301349dcfc9ebc923ffb10,matched,
TREEUSDT,TREE,1,0.1538,0.1538,99,true,TREEUSDT,0.1547,,,,,,,,,,cg_not_found,
SOPHUSDT,SOPH,1,0.02298,0.02298,161,true,SOPHUSDT,0.02309,,,,,,,,,,cg_not_found,
ALLUSDT,ALL,1,0.7751,0.7751,91,false,,,fetch-ai,fet,Artificial Superintelligence Alliance,0.22471,2.4493346980552717,585358721,609973243,ethereum,0xaea46a60368a7bd060eec7df8cba43b7ef41ad85,price_too_far,
DOLOUSDT,DOLO,1,0.06706,0.06706,188,true,DOLOUSDT,0.0671,dolomite,dolo,Dolomite,0.066948,0.001672940192388137,27871836,66917721,ethereum,0x0f81001ef0a83ecce5ccebf63eb302c70a39a654,matched,
SOONUSDT,SOON,1,0.7872,0.7872,166,false,,,soon-2,soon,SOON,0.786797,0.0005122032747964751,220342995,773266015,binance-smart-chain,0xb9e1fd5a02d3a33b25a14d661414e6ed6954a721,matched,
INUSDT,IN,1,0.10008,0.10008,90,false,,,bitcoin,btc,Bitcoin,104210,0.9999990396315133,2075082079022,2075082079022,,,price_too_far,
AIOUSDT,AIO,1,0.13659,0.13659,84,false,,,olaxbt,aio,OlaXBT,0.136664,0.0005414739799802325,31399266,136370317,binance-smart-chain,0x81a7da4074b8e0ed51bea40f9dcbdf4d9d4832b4,matched,
NEWTUSDT,NEWT,1,0.1198,0.1198,139,true,NEWTUSDT,0.12,newton-protocol,newt,Newton Protocol,0.119718,0.0006849429492640935,25739095,119716723,ethereum,0xd0ec028a3d21533fdd200838f39c85b03679285d,matched,
USELESSUSDT,USELESS,1,0.1897,0.1897,82,false,,,useless-3,useless,Useless Coin,0.187915,0.009498975600670563,187535411,187535411,binance-smart-chain,0xba38b3c706f7a515ff7c8db04daa0a134ec46d2b,matched,
YALAUSDT,YALA,1,0.063,0.063,90,false,,,yala,yala,Yala,0.063122,0.0019327651215106795,16530023,63015473,ethereum,0xf970706063b7853877f39515c96932d49d5ac9cd,matched,
AERGOUSDT,AERGO,1,0.06849,0.06849,203,false,,,aergo,aergo,Aergo,0.0684,0.0013157894736841062,32319384,34200406,ethereum,0x91af0fbb28aba7e31403cb457106ce79397fd4e6,matched,
CUDISUSDT,CUDIS,1,0.05787,0.05787,77,false,,,cudis,cudis,Cudis,0.058177,0.005276999501521249,14320568,57860883,binance-smart-chain,0xc1353d3ee02fdbd4f65f92eee543cfd709049cb1,matched,
SAPIENUSDT,SAPIEN,1,0.12416,0.12416,77,false,,,sapien-2,sapien,Sapien,0.124108,0.00041898991201220207,31051566,124206266,base,0xc729777d0470f30612b1564fd96e8dd26f5814e3,matched,
DAMUSDT,DAM,1,0.03625,0.03625,79,false,,,reservoir,dam,Reservoir,0.03572768,0.01461947711130417,7160432,35803643,ethereum,0x0fedba9178b70e8b54e2af08ebffcf28a1e5a43b,matched,
XPLUSDT,XPL,1,0.3222,0.3222,75,true,XPLUSDT,0.3227,plasma,xpl,Plasma,0.321881,0.000991049487232902,607820640,3217873976,binance-smart-chain,0x405fbc9004d857903bfd6b3357792d71a50726b0,matched,
SOMIUSDT,SOMI,1,0.3652,0.3652,72,true,SOMIUSDT,0.3659,somnia,somi,Somnia,0.363603,0.004392152980035959,58248708,363599927,,,matched,
BASUSDT,BAS,1,0.00838,0.00838,71,false,,,bas,bas,BNB Attestation Service,0.00837067,0.0011146061187455845,20912343,83649372,binance-smart-chain,0x0f0df6cb17ee5e883eddfef9153fc6036bdb4e37,matched,
BTRUSDT,BTR,1,0.05849,0.05849,70,false,,,bitlayer-bitvm,btr,Bitlayer,0.058142,0.005985346221320235,15207867,58134050,ethereum,0x6c76de483f1752ac8473e2b4983a873991e70da7,matched,
QUSDT,Q,1,0.017872,0.017872,64,false,,,hyperliquid,hype,Hyperliquid,41.7,0.9995714148681056,11294574673,41705463502,hyperliquid,0x0d01dc56dcaaca66ad901c959b4011ec,price_too_far,
TAKEUSDT,TAKE,1,0.26924,0.26924,63,false,,,staked-ether,steth,Lido Staked Ether,3451.36,0.9999219901719901,29886167911,29886167911,ethereum,0xae7ab96520de3a18e5e111b5eaab095312d7fe84,price_too_far,
LINEAUSDT,LINEA,1,0.01279,0.01279,65,true,LINEAUSDT,0.01281,linea,linea,Linea,0.01271545,0.005862946258292047,201165416,917457790,ethereum,0x1789e0043623282d5dcc7f213d703c6d8bafbb04,matched,
ARIAUSDT,ARIA,1,0.1733,0.1733,63,false,,,aria-ai,aria,Aria.AI,0.172548,0.004358207571226572,31583422,172587006,binance-smart-chain,0x5d3a12c42e5372b2cc3264ab3cdcf660a1555238,matched,
MITOUSDT,MITO,1,0.09548,0.09548,69,true,MITOUSDT,0.09565,mito,mito,Mito,0.286126,0.666300860460077,22142142,143062810,binance-smart-chain,0xf5655c32fa9f3c4c170de875bf7b0b68834d677b,price_too_far,
OPENUSDT,OPEN,1,0.2918,0.2918,58,true,OPENUSDT,0.2925,openledger-2,open,OpenLedger,0.291639,0.000552052366110233,62834539,291575587,ethereum,0xa227cc36938f0c9e09ce0e64dfab226cad739447,matched,
PTBUSDT,PTB,1,0.02972,0.02972,63,false,,,portal-to-bitcoin,ptb,Portal to Bitcoin,0.02967812,0.0014111405978546176,61459690,156059414,ethereum,0x30a25cc9c9eade4d4d9e9349be6e68c3411367d3,matched,
SKYUSDT,SKY,1,0.05211,0.05211,57,true,SKYUSDT,0.05223,sky,sky,Sky,0.052219,0.0020873628372815437,1195307001,1226257820,ethereum,0x56072c95faa701256059aa122697b133aded9279,matched,
HOLOUSDT,HOLO,1,0.1094,0.1094,55,true,HOLOUSDT,0.1098,holoworld,holo,Holoworld,0.10964,0.0021889821233126968,38083226,224524424,binance-smart-chain,0x1a5d7e4c3a7f940b240b7357a4bfed30d17f9497,matched,
XPINUSDT,XPIN,1,0.003896,0.003896,54,false,,,xpin-network,xpin,XPIN Network,0.00388295,0.0033608467788666164,59990577,387911908,binance-smart-chain,0xd955c9ba56fb1ab30e34766e252a97ccce3d31a6,matched,
UBUSDT,UB,1,0.05651,0.05651,54,false,,,unibase,ub,Unibase,0.056297,0.0037835053377621884,140869700,563478799,ethereum,0x6944e1df6bf5972305f9ab25df47ef10de01bcc8,matched,
PUMPUSDT,PUMP,1,0.004251,0.004251,118,true,PUMPUSDT,0.004254,pump-fun,pump,Pump.fun,0.00421441,0.008682116832486526,1493162664,4217928663,solana,pumpCmXqMfrsAkQ5r49WcJnRayYRqmXz6ae8H7H9Dfn,matched,
WLFIUSDT,WLFI,1,0.1225,0.1225,74,true,WLFIUSDT,0.1226,world-liberty-financial,wlfi,World Liberty Financial,0.122239,0.002135161446019661,3337280007,12246048722,ethereum,0xda5e1988097297dcdc1f90d4dfe7909e847cbef6,matched,
0GUSDT,0G,0,1.1154,Infinity,49,true,GUSDT,0.00635,dogecoin,doge,Dogecoin,0.167947,Infinity,25461058044,25466048820,,,price_too_far,
IDOLUSDT,IDOL,1,0.03347,0.03347,124,false,,,meet48,idol,MEET48,0.03337688,0.002789955202523486,30155966,160404072,binance-smart-chain,0x3b4de3c7855c03bb9f50ea252cd2c9fa1125ab07,matched,
AIAUSDT,AIA,1,1.9102,1.9102,48,false,,,aia,aia,DeAgentAI,1.9,0.005368421052631573,188018655,1889634722,binance-smart-chain,0x48a18a4782b65a0fbed4dca608bb28038b7be339,matched,
AVNTUSDT,AVNT,1,0.5474,0.5474,57,true,AVNTUSDT,0.5492,,,,,,,,,,cg_not_found,
STBLUSDT,STBL,1,0.07333,0.07333,49,false,,,,,,,,,,,,cg_not_found,
TRADOORUSDT,TRADOOR,1,2.019,2.019,47,false,,,,,,,,,,,,cg_not_found,
ASTERUSDT,ASTER,1,1.1027,1.1027,47,true,ASTERUSDT,1.103,,,,,,,,,,cg_not_found,
ERAUSDT,ERA,1,0.2848,0.2848,111,true,ERAUSDT,0.2901,caldera,era,Caldera,0.293649,0.030134616497927785,51600504,295281853,ethereum,0xe2ad0bf751834f2fbdc62a41014f84d67ca1de2a,matched,
ZKCUSDT,ZKC,1,0.1981,0.1981,51,true,ZKCUSDT,0.1986,boundless,zkc,Boundless,0.197642,0.002317321217150131,39755276,197849401,ethereum,0x000006c2a22ff4a44ff1f5d0f2ed65f781f55555,matched,
CARVUSDT,CARV,1,0.197,0.197,90,false,,,carv,carv,CARV,0.196237,0.003888155648527106,58082196,196218748,ethereum,0xc08cd26474722ce93f4d0c34d16201461c10aa8c,matched,
AKEUSDT,AKE,1,0.0011507,0.0011507,40,false,,,staked-ether,steth,Lido Staked Ether,3451.36,0.9999996665951972,29886167911,29886167911,ethereum,0xae7ab96520de3a18e5e111b5eaab095312d7fe84,price_too_far,
ORDERUSDT,ORDER,1,0.17543,0.17543,40,false,,,orderly-network,order,Orderly,0.175249,0.001032816164428981,58351779,175268901,ethereum,0xabd4c63d2616a5201454168269031355f4764337,matched,
BLESSUSDT,BLESS,1,0.03939,0.03939,43,false,,,,,,,,,,,,cg_not_found,
LIGHTUSDT,LIGHT,1,1.5208,1.5208,39,false,,,bitlight,light,Bitlight,1.52,0.0005263157894736262,65435836,638295025,binance-smart-chain,0x477c2c0459004e3354ba427fa285d7c053203c0e,matched,
FLUIDUSDT,FLUID,1,3.723,3.723,42,false,,,,,,,,,,,,cg_not_found,
MIRAUSDT,MIRA,1,0.2139,0.2139,40,true,MIRAUSDT,0.214,,,,,,,,,,cg_not_found,
EDENUSDT,EDEN,1,0.1104,0.1104,36,true,EDENUSDT,0.1106,openeden,eden,OpenEden,0.110182,0.0019785445898603763,20260071,110186932,ethereum,0x24a3d725c37a8d1a66eb87f0e5d07fe67c120035,matched,
XANUSDT,XAN,1,0.02877,0.02877,37,false,,,,,,,,,,,,cg_not_found,
HANAUSDT,HANA,1,0.02432,0.02432,40,false,,,hana-network,hana,Hana Network,0.02410238,0.009028983859685296,5789910,24124624,binance-smart-chain,0x6261963ebe9ff014aad10ecc3b0238d4d04e8353,matched,
TRUTHUSDT,TRUTH,1,0.014977,0.014977,35,false,,,swarm-network,truth,Swarm Network,0.01487553,0.006821269561487965,31139414,149327844,sui,0x0a48f85a3905cfa49a652bdb074d9e9fabad27892d54afaa5c9e0adeb7ac3cdf::swarm_network_token::SWARM_NETWORK_TOKEN,matched,
NOMUSDT,NOM,1,0.01457,0.01457,35,true,NOMUSDT,0.0146,,,,,,,,,,cg_not_found,
2ZUSDT,2Z,2,0.16388,0.08194,34,false,,,,,,,,,,,,cg_not_found,
LYNUSDT,LYN,1,0.10642,0.10642,30,false,,,,,,,,,,,,cg_not_found,
EVAAUSDT,EVAA,1,3.214,3.214,33,false,,,,,,,,,,,,cg_not_found,
4USDT,4,1,0.07565,0.07565,28,false,,,4-2,4,4,0.07377,0.025484614341873293,75282763,75282763,binance-smart-chain,0x0a43fc31a73013089df59194872ecae4cae14444,matched,
KGENUSDT,KGEN,1,0.29684,0.29684,29,false,,,,,,,,,,,,cg_not_found,
YBUSDT,YB,1,0.5644,0.5644,26,true,YBUSDT,0.5651,yield-basis,yb,Yield Basis,0.563842,0.0009896389414056747,49606002,397249768,ethereum,0x01791f726b4103694969820be083196cc7c045ff,matched,
METUSDT,MET,1,0.3704,0.3704,25,false,,,meteora,met,Meteora,0.367579,0.007674540710976465,176363560,368328844,solana,METvsvVRapdj9cFLzq4Tr43xK4tAjQfwX76z3n6mWQL,matched,
GIGGLEUSDT,GIGGLE,1,206.95,206.95,27,true,GIGGLEUSDT,206.87,,,,,,,,,,cg_not_found,
MONUSDT,MON,1,0.05734,0.05734,26,false,,,,,,,,,,,,cg_not_found,
EULUSDT,EUL,1,6.288,6.288,23,true,EULUSDT,6.303,,,,,,,,,,cg_not_found,
RECALLUSDT,RECALL,1,0.2174,0.2174,21,false,,,recall,recall,Recall,0.216309,0.005043710617681227,142466426,217080360,base,0x1f16e03c1a5908818f47f6ee7bb16690b40d0671,matched,
HEMIUSDT,HEMI,1,0.03483,0.03483,68,true,HEMIUSDT,0.0348,hemi,hemi,Hemi,0.03481285,0.0004926341853654756,34049618,348333686,ethereum,0xeb964a1a6fab73b8c72a0d15c7337fa4804f484d,matched,
ZBTUSDT,ZBT,1,0.1566,0.1566,19,true,ZBTUSDT,0.1568,zerobase,zbt,ZEROBASE,0.155735,0.005554306995858201,34190328,155735546,ethereum,0xfab99fcf605fd8f4593edb70a43ba56542777777,matched,
RIVERUSDT,RIVER,1,7.529,7.529,19,false,,,river,river,River,7.5,0.0038666666666666554,146967004,749831652,ethereum,0xda7ad9dea9397cffddae2f8a052b82f1484252b3,matched,
FLOCKUSDT,FLOCK,1,0.1971,0.1971,57,false,,,flock-2,flock,FLOCK,0.197143,0.00021811578397414692,47799754,196976413,base,0x5ab3d4c385b400f3abb49e80de2faf6a88a7b691,matched,
USDT,,1,0.17678,0.17678,16,false,,,bianrensheng,, (BinanceLife),0.176821,0.00023187291102308688,176162052,176162052,binance-smart-chain,0x924fa68a0fc644485b8df8abfa0a41c2e7744444,matched,
COAIUSDT,COAI,1,0.957,0.957,41,false,,,chainopera-ai,coai,ChainOpera AI,0.954198,0.002936497456502708,187480156,954198162,binance-smart-chain,0x0a8d6c86e1bce73fe4d0bd531e1a567306836ea5,matched,
BARDUSDT,BARD,1,0.7209,0.7209,48,true,BARDUSDT,0.7209,lombard-protocol,bard,Lombard,0.721452,0.0007651236672709992,162308238,721369945,ethereum,0xf0db65d17e30a966c2ae6a21f6bba71cea6e9754,matched,
BLUAIUSDT,BLUAI,1,0.01343,0.01343,15,false,,,bluwhale,bluai,Bluwhale,0.01335998,0.005241025809918785,16421958,133729303,binance-smart-chain,0xed9ae3def8d6f052971bb8b6d1975ff267cf9aad,matched,
TOWNSUSDT,TOWNS,1,0.00939,0.00939,92,true,TOWNSUSDT,0.00939,towns,towns,Towns,0.00938736,0.0002812292273866064,19805400,95097766,ethereum,0x000000fa00b200406de700041cfc6b19bbfb4d13,matched,
TURTLEUSDT,TURTLE,1,0.1008,0.1008,14,true,TURTLEUSDT,0.1008,turtle-4,turtle,Turtle,0.100772,0.0002778549597110333,15607411,100888243,ethereum,0x66fd8de541c0594b4dccdfc13bf3a390e50d3afd,matched,
TOSHIUSDT,TOSHI,1,0.0005675,0.0005675,49,false,,,toshi,toshi,Toshi,0.00056921,0.0030041636654310993,239493425,239493425,binance-smart-chain,0x6a2608dabe09bc1128eec7275b92dfb939d5db3f,matched,
ENSOUSDT,ENSO,1,1.098,1.098,22,true,ENSOUSDT,1.1,enso,enso,Enso,1.097,0.0009115770282589899,22592872,109727401,ethereum,0x699f088b5dddcafb7c4824db5b10b57b37cb0c66,matched,
APRUSDT,APR,1,0.29677,0.29677,13,false,,,apriori,apr,aPriori,0.294185,0.00878698777979844,50681937,293808331,ethereum,0x5a9610919f5e81183823a2be4bd1beb2b4da2a20,matched,
ONUSDT,ON,1,0.11844,0.11844,12,false,,,tron,trx,TRON,0.288562,0.5895509457239693,27308349755,27308348485,,,price_too_far,
42USDT,42,1,0.09281,0.09281,9,false,,,semantic-layer,42,Semantic Layer,0.091306,0.016472082886119264,13694761,92428082,binance-smart-chain,0x834baf4f7832cc3c00734ddb2e0c61c68d975822,matched,
ATUSDT,AT,1,0.3707,0.3707,7,false,,,apro,at,Apro,0.365802,0.013389757300397367,84318007,366600032,ethereum,0x0581ccdf2d9bca21baeff8b32b2551fd49cf70aa,matched,
CCUSDT,CC,1,0.1475,0.1475,5,false,,,concordium,ccd,Concordium,0.02811748,4.245847067375881,329508992,398232568,,,price_too_far,
KITEUSDT,KITE,1,0.09026,0.09026,7,true,KITEUSDT,0.0905,kite-2,kite,Kite,0.090329,0.0007638742817921112,162912518,905069542,ethereum,0x904567252d8f48555b7447c67dca23f0372e16be,matched,
MMTUSDT,MMT,1,0.9608,0.9608,1,true,MMTUSDT,0.9616,momentum-3,mmt,Momentum,0.96064,0.00016655562958021523,196851666,964507984,sui,0x35169bc93e1fddfcf3a82a9eae726d349689ed59e4b065369af8789fe59f8608::mmt::MMT,matched,
TRUSTUSDT,TRUST,1,0.2342,0.2342,0,false,,,intuition,trust,Intuition,0.263012,0.10954633248673075,47251528,263023088,base,0x6cd905df2ed214b22e0d48ff17cd4200c1c6d8a3,matched,
VFYUSDT,VFY,1,0.06264,0.06264,36,false,,,zkverify,vfy,zkVerify,0.062399,0.003862241382073401,19106235,62399087,base,0xa749de6c28262b7ffbc5de27dc845dd7ecd2b358,matched,
XNYUSDT,XNY,1,0.004563,0.004563,84,false,,,codatta,xny,Codatta,0.00457122,0.0017982070431962923,11416621,45666486,binance-smart-chain,0xe3225e11cab122f1a126a28997788e5230838ab9,matched,
CLOUSDT,CLO,1,0.2643,0.2643,22,false,,,yei-finance,clo,Yei Finance,0.263037,0.004801605857730884,34061328,263836776,binance-smart-chain,0x81d3a238b02827f62b9f390f947d36d4a5bf89d2,matched,
RVVUSDT,RVV,1,0.006006,0.006006,18,false,,,astra-nova,rvv,Astra Nova,0.00591705,0.015032828858975328,6287339,59170484,binance-smart-chain,0x80563fc2dd549bf36f82d3bf3b970bb5b08dbddb,matched,
FFUSDT,FF,1,0.12108,0.12108,37,true,FFUSDT,0.12127,falcon-finance-ff,ff,Falcon Finance,0.120819,0.002160256251086314,282804283,1208565311,ethereum,0xfa1c09fc8b491b6a4d3ff53a10cad29381b3f949,matched,
LABUSDT,LAB,1,0.15386,0.15386,19,false,,,lab,lab,LAB,0.15269,0.0076625843211736485,11736991,153332316,binance-smart-chain,0x7ec43cf65f1663f820427c62a5780b8f2e25593a,matched,
COMMONUSDT,COMMON,1,0.010427,0.010427,9,false,,,common-2,common,Common,0.01029659,0.012665358142841558,25011717,103908447,binance-smart-chain,0xa43ca4e5abdf9917eade63c2837eeee321897dad,matched,
